host,b4101.betzy.sigma2.no,down,2025-01-13 05:41,2025-01-15 08:13
host,b4101.betzy.sigma2.no,down,2025-03-22 00:04,2025-03-22 08:22
host,b4101.betzy.sigma2.no,down,2025-03-29 00:06,2025-03-29 06:58
host,b4101.betzy.sigma2.no,down,2025-03-30 00:04,2025-03-30 10:54
host,b4101.betzy.sigma2.no,down,2025-08-14 06:50,2025-08-15 00:02
host,b4102.betzy.sigma2.no,down,2025-01-13 05:44,2025-01-15 08:13
host,b4102.betzy.sigma2.no,down,2025-03-22 00:08,2025-03-22 08:21
host,b4102.betzy.sigma2.no,down,2025-03-29 00:05,2025-03-29 06:56
host,b4102.betzy.sigma2.no,down,2025-03-30 00:04,2025-03-30 10:53
host,b4102.betzy.sigma2.no,down,2025-08-14 06:47,2025-08-15 00:05
host,b4103.betzy.sigma2.no,down,2025-01-13 05:44,2025-01-15 08:11
host,b4103.betzy.sigma2.no,down,2025-03-22 00:08,2025-03-22 08:21
host,b4103.betzy.sigma2.no,down,2025-03-29 00:05,2025-03-29 06:57
host,b4103.betzy.sigma2.no,down,2025-03-30 00:05,2025-03-30 10:52
host,b4103.betzy.sigma2.no,down,2025-08-14 06:47,2025-08-15 00:05
host,b4104.betzy.sigma2.no,down,2025-01-13 05:39,2025-09-01 23:59
host,b4105.betzy.sigma2.no,down,2025-01-13 05:40,2025-01-15 08:13
host,b4105.betzy.sigma2.no,down,2025-03-22 00:04,2025-03-22 08:23
host,b4105.betzy.sigma2.no,down,2025-03-29 00:08,2025-03-29 06:34
host,b4105.betzy.sigma2.no,down,2025-03-30 00:04,2025-03-30 10:54
host,b4105.betzy.sigma2.no,down,2025-04-07 08:52,2025-04-08 11:03
host,b4105.betzy.sigma2.no,down,2025-08-14 06:50,2025-08-15 00:05
host,b4106.betzy.sigma2.no,down,2025-01-13 05:45,2025-01-15 08:14
host,b4106.betzy.sigma2.no,down,2025-03-22 00:05,2025-03-22 08:23
host,b4106.betzy.sigma2.no,down,2025-03-29 00:03,2025-03-29 06:56
host,b4106.betzy.sigma2.no,down,2025-03-30 00:06,2025-03-30 10:52
host,b4106.betzy.sigma2.no,down,2025-04-07 08:49,2025-04-08 10:59
host,b4106.betzy.sigma2.no,down,2025-08-14 06:50,2025-08-15 00:02
host,b4107.betzy.sigma2.no,down,2025-01-13 05:45,2025-01-16 09:05
host,b4107.betzy.sigma2.no,down,2025-03-19 09:10,2025-03-21 14:10
host,b4107.betzy.sigma2.no,down,2025-03-22 00:10,2025-03-22 08:23
host,b4107.betzy.sigma2.no,down,2025-03-29 00:04,2025-03-29 06:56
host,b4107.betzy.sigma2.no,down,2025-03-30 00:02,2025-03-30 10:53
host,b4107.betzy.sigma2.no,down,2025-03-31 08:59,2025-03-31 11:57
host,b4107.betzy.sigma2.no,down,2025-08-14 06:46,2025-08-15 00:04
host,b4108.betzy.sigma2.no,down,2025-01-13 05:42,2025-09-01 23:59
host,b4109.betzy.sigma2.no,down,2025-01-13 05:44,2025-01-15 10:08
host,b4109.betzy.sigma2.no,down,2025-02-03 15:22,2025-03-31 11:56
host,b4109.betzy.sigma2.no,down,2025-08-14 06:50,2025-08-15 00:05
host,b4110.betzy.sigma2.no,down,2025-01-13 05:44,2025-01-15 10:08
host,b4110.betzy.sigma2.no,down,2025-01-15 15:05,2025-01-16 09:16
host,b4110.betzy.sigma2.no,down,2025-03-22 00:08,2025-03-22 08:22
host,b4110.betzy.sigma2.no,down,2025-03-29 00:08,2025-03-29 06:34
host,b4110.betzy.sigma2.no,down,2025-03-30 00:05,2025-03-30 10:53
host,b4110.betzy.sigma2.no,down,2025-07-08 05:24,2025-07-08 12:52
host,b4110.betzy.sigma2.no,down,2025-08-14 06:47,2025-08-15 00:02
host,b4111.betzy.sigma2.no,down,2025-01-01 00:00,2025-01-16 09:16
host,b4111.betzy.sigma2.no,down,2025-03-22 00:04,2025-03-22 08:22
host,b4111.betzy.sigma2.no,down,2025-03-29 00:06,2025-03-29 06:58
host,b4111.betzy.sigma2.no,down,2025-03-30 00:05,2025-03-30 10:52
host,b4111.betzy.sigma2.no,down,2025-04-11 07:53,2025-09-01 23:59
host,b4112.betzy.sigma2.no,down,2025-01-13 05:42,2025-01-15 10:08
host,b4112.betzy.sigma2.no,down,2025-01-15 15:08,2025-01-16 09:16
host,b4112.betzy.sigma2.no,down,2025-03-22 00:08,2025-03-22 08:22
host,b4112.betzy.sigma2.no,down,2025-03-29 00:06,2025-03-29 06:58
host,b4112.betzy.sigma2.no,down,2025-03-30 00:02,2025-03-30 10:53
host,b4112.betzy.sigma2.no,down,2025-07-08 05:23,2025-07-08 13:00
host,b4112.betzy.sigma2.no,down,2025-08-14 06:51,2025-08-15 00:03
host,b4113.betzy.sigma2.no,down,2025-01-13 05:42,2025-01-15 08:10
host,b4113.betzy.sigma2.no,down,2025-03-22 00:11,2025-03-22 08:24
host,b4113.betzy.sigma2.no,down,2025-03-29 00:05,2025-03-29 06:57
host,b4113.betzy.sigma2.no,down,2025-03-30 00:05,2025-03-30 10:52
host,b4113.betzy.sigma2.no,down,2025-08-14 06:50,2025-08-15 00:02
host,b4114.betzy.sigma2.no,down,2025-01-13 05:44,2025-01-15 08:09
host,b4114.betzy.sigma2.no,down,2025-03-22 00:07,2025-03-22 08:21
host,b4114.betzy.sigma2.no,down,2025-03-29 00:06,2025-03-29 06:58
host,b4114.betzy.sigma2.no,down,2025-03-30 00:05,2025-03-30 10:51
host,b4114.betzy.sigma2.no,down,2025-08-14 06:49,2025-08-15 00:04
host,b4115.betzy.sigma2.no,down,2025-01-13 05:43,2025-01-15 08:11
host,b4115.betzy.sigma2.no,down,2025-03-22 00:03,2025-03-22 08:22
host,b4115.betzy.sigma2.no,down,2025-03-29 00:04,2025-03-29 06:57
host,b4115.betzy.sigma2.no,down,2025-03-30 00:04,2025-03-30 10:53
host,b4115.betzy.sigma2.no,down,2025-08-14 06:45,2025-08-15 00:04
host,b4116.betzy.sigma2.no,down,2025-01-13 05:45,2025-01-15 08:11
host,b4116.betzy.sigma2.no,down,2025-02-18 06:55,2025-02-19 06:29
host,b4116.betzy.sigma2.no,down,2025-03-22 00:04,2025-03-22 08:22
host,b4116.betzy.sigma2.no,down,2025-03-29 00:05,2025-03-29 06:56
host,b4116.betzy.sigma2.no,down,2025-03-30 00:05,2025-03-30 10:51
host,b4116.betzy.sigma2.no,down,2025-04-08 07:30,2025-04-08 18:59
host,b4116.betzy.sigma2.no,down,2025-08-14 06:46,2025-08-15 00:02
host,b4117.betzy.sigma2.no,down,2025-01-13 05:44,2025-01-15 08:09
host,b4117.betzy.sigma2.no,down,2025-02-18 06:57,2025-02-19 06:29
host,b4117.betzy.sigma2.no,down,2025-03-22 00:06,2025-03-22 08:20
host,b4117.betzy.sigma2.no,down,2025-03-29 00:04,2025-03-29 06:56
host,b4117.betzy.sigma2.no,down,2025-03-30 00:05,2025-03-30 10:52
host,b4117.betzy.sigma2.no,down,2025-08-14 06:46,2025-08-15 00:04
host,b4118.betzy.sigma2.no,down,2025-01-13 05:44,2025-02-19 06:29
host,b4118.betzy.sigma2.no,down,2025-03-22 00:06,2025-03-22 08:20
host,b4118.betzy.sigma2.no,down,2025-03-29 00:05,2025-03-29 06:58
host,b4118.betzy.sigma2.no,down,2025-03-30 00:04,2025-03-30 10:53
host,b4118.betzy.sigma2.no,down,2025-08-14 06:46,2025-08-15 00:04
host,b4119.betzy.sigma2.no,down,2025-01-13 05:44,2025-01-15 08:12
host,b4119.betzy.sigma2.no,down,2025-03-22 00:04,2025-03-22 08:22
host,b4119.betzy.sigma2.no,down,2025-03-29 00:06,2025-03-29 06:58
host,b4119.betzy.sigma2.no,down,2025-03-30 00:05,2025-03-30 10:52
host,b4119.betzy.sigma2.no,down,2025-08-14 06:47,2025-08-15 00:04
host,b4120.betzy.sigma2.no,down,2025-01-13 05:40,2025-01-15 08:11
host,b4120.betzy.sigma2.no,down,2025-03-22 00:10,2025-03-22 08:24
host,b4120.betzy.sigma2.no,down,2025-03-29 00:08,2025-03-29 06:34
host,b4120.betzy.sigma2.no,down,2025-03-30 00:05,2025-03-30 10:52
host,b4120.betzy.sigma2.no,down,2025-08-14 06:46,2025-08-15 00:04
host,b4121.betzy.sigma2.no,down,2025-01-13 05:39,2025-09-01 23:59
host,b4122.betzy.sigma2.no,down,2025-01-13 05:44,2025-01-15 08:13
host,b4122.betzy.sigma2.no,down,2025-03-22 00:07,2025-03-22 08:21
host,b4122.betzy.sigma2.no,down,2025-03-29 00:08,2025-03-29 06:33
host,b4122.betzy.sigma2.no,down,2025-03-30 00:05,2025-03-30 10:51
host,b4122.betzy.sigma2.no,down,2025-08-14 06:47,2025-08-15 00:05
host,b4123.betzy.sigma2.no,down,2025-01-13 05:40,2025-01-15 08:09
host,b4123.betzy.sigma2.no,down,2025-03-22 00:05,2025-03-22 08:23
host,b4123.betzy.sigma2.no,down,2025-03-29 00:06,2025-03-29 06:58
host,b4123.betzy.sigma2.no,down,2025-03-30 00:04,2025-03-30 10:53
host,b4123.betzy.sigma2.no,down,2025-08-14 06:47,2025-08-15 00:04
host,b4124.betzy.sigma2.no,down,2025-01-13 05:43,2025-09-01 23:59
host,b4125.betzy.sigma2.no,down,2025-01-13 05:44,2025-01-15 08:13
host,b4125.betzy.sigma2.no,down,2025-03-22 00:11,2025-03-22 08:24
host,b4125.betzy.sigma2.no,down,2025-03-29 00:06,2025-03-29 06:58
host,b4125.betzy.sigma2.no,down,2025-03-30 00:05,2025-03-30 10:52
host,b4125.betzy.sigma2.no,down,2025-07-08 05:26,2025-07-09 14:04
host,b4125.betzy.sigma2.no,down,2025-08-14 06:46,2025-08-15 00:04
host,b4126.betzy.sigma2.no,down,2025-01-13 05:42,2025-01-15 08:09
host,b4126.betzy.sigma2.no,down,2025-03-22 00:10,2025-03-22 08:24
host,b4126.betzy.sigma2.no,down,2025-03-29 00:05,2025-03-29 06:57
host,b4126.betzy.sigma2.no,down,2025-03-30 00:04,2025-03-30 10:52
host,b4126.betzy.sigma2.no,down,2025-04-08 07:30,2025-04-08 18:58
host,b4126.betzy.sigma2.no,down,2025-07-08 05:25,2025-07-09 14:03
host,b4126.betzy.sigma2.no,down,2025-08-14 06:47,2025-08-15 00:04
host,b4127.betzy.sigma2.no,down,2025-01-13 05:43,2025-01-15 08:09
host,b4127.betzy.sigma2.no,down,2025-03-22 00:04,2025-03-22 08:23
host,b4127.betzy.sigma2.no,down,2025-03-29 00:05,2025-03-29 06:57
host,b4127.betzy.sigma2.no,down,2025-03-30 00:04,2025-03-30 10:53
host,b4127.betzy.sigma2.no,down,2025-07-08 05:25,2025-07-09 14:04
host,b4127.betzy.sigma2.no,down,2025-08-14 06:50,2025-08-15 00:02
host,b4128.betzy.sigma2.no,down,2025-01-13 05:44,2025-01-15 08:09
host,b4128.betzy.sigma2.no,down,2025-03-22 00:05,2025-03-22 08:19
host,b4128.betzy.sigma2.no,down,2025-03-29 00:03,2025-03-29 06:56
host,b4128.betzy.sigma2.no,down,2025-03-30 00:05,2025-03-30 10:52
host,b4128.betzy.sigma2.no,down,2025-08-14 06:49,2025-08-15 00:03
host,b4129.betzy.sigma2.no,down,2025-01-13 05:45,2025-01-15 08:11
host,b4129.betzy.sigma2.no,down,2025-03-22 00:11,2025-03-22 08:24
host,b4129.betzy.sigma2.no,down,2025-03-29 00:05,2025-03-29 06:57
host,b4129.betzy.sigma2.no,down,2025-03-30 00:05,2025-03-30 10:53
host,b4129.betzy.sigma2.no,down,2025-08-14 06:47,2025-08-15 00:02
host,b4130.betzy.sigma2.no,down,2025-01-13 05:45,2025-01-15 08:09
host,b4130.betzy.sigma2.no,down,2025-03-22 00:04,2025-03-22 08:23
host,b4130.betzy.sigma2.no,down,2025-03-29 00:03,2025-03-29 06:56
host,b4130.betzy.sigma2.no,down,2025-03-30 00:04,2025-03-30 10:53
host,b4130.betzy.sigma2.no,down,2025-08-14 06:49,2025-08-15 00:04
host,b4131.betzy.sigma2.no,down,2025-01-13 05:43,2025-01-15 08:12
host,b4131.betzy.sigma2.no,down,2025-03-22 00:11,2025-03-22 08:24
host,b4131.betzy.sigma2.no,down,2025-03-29 00:04,2025-03-29 06:57
host,b4131.betzy.sigma2.no,down,2025-03-30 00:04,2025-03-30 10:54
host,b4131.betzy.sigma2.no,down,2025-08-14 06:47,2025-08-15 00:05
host,b4132.betzy.sigma2.no,down,2025-01-13 05:45,2025-01-15 08:12
host,b4132.betzy.sigma2.no,down,2025-03-22 00:04,2025-03-22 08:23
host,b4132.betzy.sigma2.no,down,2025-03-29 00:04,2025-03-29 06:56
host,b4132.betzy.sigma2.no,down,2025-03-30 00:05,2025-03-30 10:52
host,b4132.betzy.sigma2.no,down,2025-08-14 06:50,2025-08-15 00:05
host,b4133.betzy.sigma2.no,down,2025-01-13 05:44,2025-01-15 08:09
host,b4133.betzy.sigma2.no,down,2025-03-22 00:05,2025-03-22 08:19
host,b4133.betzy.sigma2.no,down,2025-03-29 00:05,2025-03-29 06:58
host,b4133.betzy.sigma2.no,down,2025-03-30 00:04,2025-03-30 10:53
host,b4133.betzy.sigma2.no,down,2025-08-14 06:47,2025-08-15 00:05
host,b4134.betzy.sigma2.no,down,2025-01-13 05:41,2025-01-15 08:10
host,b4134.betzy.sigma2.no,down,2025-03-22 00:08,2025-03-22 08:21
host,b4134.betzy.sigma2.no,down,2025-03-29 00:03,2025-03-29 06:56
host,b4134.betzy.sigma2.no,down,2025-03-30 00:05,2025-03-30 10:53
host,b4134.betzy.sigma2.no,down,2025-08-14 06:51,2025-08-15 00:03
host,b4135.betzy.sigma2.no,down,2025-01-13 05:41,2025-01-15 08:14
host,b4135.betzy.sigma2.no,down,2025-03-22 00:10,2025-03-22 08:24
host,b4135.betzy.sigma2.no,down,2025-03-29 00:08,2025-03-29 06:34
host,b4135.betzy.sigma2.no,down,2025-03-30 00:04,2025-03-30 10:55
host,b4135.betzy.sigma2.no,down,2025-08-14 06:46,2025-08-15 00:04
host,b4136.betzy.sigma2.no,down,2025-01-13 05:43,2025-01-15 08:13
host,b4136.betzy.sigma2.no,down,2025-03-22 00:06,2025-03-22 08:20
host,b4136.betzy.sigma2.no,down,2025-03-29 00:04,2025-03-29 06:57
host,b4136.betzy.sigma2.no,down,2025-03-30 00:04,2025-03-30 10:53
host,b4136.betzy.sigma2.no,down,2025-04-08 07:33,2025-04-08 18:58
host,b4136.betzy.sigma2.no,down,2025-08-14 06:49,2025-08-15 00:04
host,b4137.betzy.sigma2.no,down,2025-01-13 05:41,2025-01-15 08:12
host,b4137.betzy.sigma2.no,down,2025-03-22 00:09,2025-03-22 08:22
host,b4137.betzy.sigma2.no,down,2025-03-29 00:04,2025-03-29 06:56
host,b4137.betzy.sigma2.no,down,2025-03-30 00:06,2025-03-30 10:52
host,b4137.betzy.sigma2.no,down,2025-08-14 06:49,2025-08-15 00:04
host,b4138.betzy.sigma2.no,down,2025-01-13 05:44,2025-01-15 08:11
host,b4138.betzy.sigma2.no,down,2025-03-22 00:04,2025-03-22 08:22
host,b4138.betzy.sigma2.no,down,2025-03-29 00:04,2025-03-29 06:57
host,b4138.betzy.sigma2.no,down,2025-03-30 00:04,2025-03-30 10:53
host,b4138.betzy.sigma2.no,down,2025-08-14 06:46,2025-08-15 00:01
host,b4139.betzy.sigma2.no,down,2025-01-13 05:43,2025-01-15 08:09
host,b4139.betzy.sigma2.no,down,2025-03-22 00:11,2025-03-22 08:24
host,b4139.betzy.sigma2.no,down,2025-03-29 00:04,2025-03-29 06:56
host,b4139.betzy.sigma2.no,down,2025-03-30 00:05,2025-03-30 10:52
host,b4139.betzy.sigma2.no,down,2025-08-14 06:46,2025-08-15 00:02
host,b4140.betzy.sigma2.no,down,2025-01-13 05:43,2025-01-15 08:12
host,b4140.betzy.sigma2.no,down,2025-03-22 00:10,2025-03-22 08:24
host,b4140.betzy.sigma2.no,down,2025-03-29 00:05,2025-03-29 06:56
host,b4140.betzy.sigma2.no,down,2025-03-30 00:04,2025-03-30 10:53
host,b4140.betzy.sigma2.no,down,2025-08-14 06:46,2025-08-15 00:04
host,b4141.betzy.sigma2.no,down,2025-01-13 05:44,2025-01-15 08:13
host,b4141.betzy.sigma2.no,down,2025-03-22 00:10,2025-03-22 08:24
host,b4141.betzy.sigma2.no,down,2025-03-29 00:04,2025-03-29 06:56
host,b4141.betzy.sigma2.no,down,2025-03-30 00:04,2025-03-30 10:53
host,b4141.betzy.sigma2.no,down,2025-08-14 06:49,2025-08-15 00:04
host,b4142.betzy.sigma2.no,down,2025-01-13 05:45,2025-01-15 08:12
host,b4142.betzy.sigma2.no,down,2025-03-22 00:11,2025-03-22 08:24
host,b4142.betzy.sigma2.no,down,2025-03-29 00:05,2025-03-29 06:57
host,b4142.betzy.sigma2.no,down,2025-03-30 00:03,2025-03-30 10:53
host,b4142.betzy.sigma2.no,down,2025-08-14 06:48,2025-08-15 00:05
host,b4143.betzy.sigma2.no,down,2025-01-13 05:45,2025-01-15 08:14
host,b4143.betzy.sigma2.no,down,2025-03-22 00:04,2025-03-22 08:23
host,b4143.betzy.sigma2.no,down,2025-03-29 00:06,2025-03-29 06:58
host,b4143.betzy.sigma2.no,down,2025-03-30 00:04,2025-03-30 10:53
host,b4143.betzy.sigma2.no,down,2025-08-14 06:46,2025-08-15 00:04
host,b4144.betzy.sigma2.no,down,2025-01-13 05:42,2025-01-15 08:09
host,b4144.betzy.sigma2.no,down,2025-03-22 00:11,2025-03-22 08:24
host,b4144.betzy.sigma2.no,down,2025-03-29 00:05,2025-03-29 06:57
host,b4144.betzy.sigma2.no,down,2025-03-30 00:05,2025-03-30 10:53
host,b4144.betzy.sigma2.no,down,2025-08-14 06:48,2025-08-15 00:00
host,b4145.betzy.sigma2.no,down,2025-01-13 05:43,2025-01-15 08:09
host,b4145.betzy.sigma2.no,down,2025-03-22 00:05,2025-03-22 08:19
host,b4145.betzy.sigma2.no,down,2025-03-29 00:05,2025-03-29 06:57
host,b4145.betzy.sigma2.no,down,2025-03-30 00:05,2025-03-30 10:53
host,b4145.betzy.sigma2.no,down,2025-08-14 06:46,2025-08-15 00:04
host,b4146.betzy.sigma2.no,down,2025-01-13 05:40,2025-01-15 08:13
host,b4146.betzy.sigma2.no,down,2025-03-22 00:08,2025-03-22 08:20
host,b4146.betzy.sigma2.no,down,2025-03-29 00:05,2025-03-29 06:57
host,b4146.betzy.sigma2.no,down,2025-03-30 00:05,2025-03-30 10:52
host,b4146.betzy.sigma2.no,down,2025-04-08 07:33,2025-04-08 18:59
host,b4146.betzy.sigma2.no,down,2025-08-14 06:50,2025-08-15 00:02
host,b4147.betzy.sigma2.no,down,2025-01-13 05:41,2025-01-15 08:13
host,b4147.betzy.sigma2.no,down,2025-03-22 00:10,2025-03-22 08:23
host,b4147.betzy.sigma2.no,down,2025-03-29 00:05,2025-03-29 06:56
host,b4147.betzy.sigma2.no,down,2025-03-30 00:04,2025-03-30 10:52
host,b4147.betzy.sigma2.no,down,2025-08-14 06:44,2025-08-15 00:02
host,b4148.betzy.sigma2.no,down,2025-01-13 05:42,2025-01-15 08:14
host,b4148.betzy.sigma2.no,down,2025-03-22 00:11,2025-03-22 08:24
host,b4148.betzy.sigma2.no,down,2025-03-29 00:05,2025-03-29 06:56
host,b4148.betzy.sigma2.no,down,2025-03-30 00:05,2025-03-30 10:52
host,b4148.betzy.sigma2.no,down,2025-08-14 06:47,2025-08-15 00:00
host,b4149.betzy.sigma2.no,down,2025-01-13 05:44,2025-01-15 08:13
host,b4149.betzy.sigma2.no,down,2025-03-22 00:09,2025-03-22 08:22
host,b4149.betzy.sigma2.no,down,2025-03-29 00:03,2025-03-29 06:56
host,b4149.betzy.sigma2.no,down,2025-03-30 00:02,2025-03-30 10:53
host,b4149.betzy.sigma2.no,down,2025-08-14 06:47,2025-08-15 00:02
host,b4150.betzy.sigma2.no,down,2025-01-13 05:43,2025-01-15 08:11
host,b4150.betzy.sigma2.no,down,2025-03-22 00:04,2025-03-22 08:22
host,b4150.betzy.sigma2.no,down,2025-03-29 00:04,2025-03-29 06:56
host,b4150.betzy.sigma2.no,down,2025-03-30 00:07,2025-03-30 10:51
host,b4150.betzy.sigma2.no,down,2025-08-14 06:49,2025-08-15 00:04
host,b4151.betzy.sigma2.no,down,2025-01-13 05:44,2025-01-15 08:09
host,b4151.betzy.sigma2.no,down,2025-03-22 00:08,2025-03-22 08:22
host,b4151.betzy.sigma2.no,down,2025-03-29 00:06,2025-03-29 06:57
host,b4151.betzy.sigma2.no,down,2025-03-30 00:06,2025-03-30 10:52
host,b4151.betzy.sigma2.no,down,2025-08-14 06:50,2025-08-15 00:02
host,b4152.betzy.sigma2.no,down,2025-01-13 05:45,2025-01-15 08:09
host,b4152.betzy.sigma2.no,down,2025-03-22 00:04,2025-03-22 08:22
host,b4152.betzy.sigma2.no,down,2025-03-29 00:06,2025-03-29 06:58
host,b4152.betzy.sigma2.no,down,2025-03-30 00:05,2025-03-30 10:52
host,b4152.betzy.sigma2.no,down,2025-08-14 06:46,2025-08-15 00:02
host,b4153.betzy.sigma2.no,down,2025-01-13 05:45,2025-01-15 08:14
host,b4153.betzy.sigma2.no,down,2025-03-22 00:10,2025-03-22 08:24
host,b4153.betzy.sigma2.no,down,2025-03-29 00:06,2025-03-29 06:59
host,b4153.betzy.sigma2.no,down,2025-03-30 00:02,2025-03-30 10:53
host,b4153.betzy.sigma2.no,down,2025-08-14 06:47,2025-08-15 00:05
host,b4154.betzy.sigma2.no,down,2025-01-13 05:42,2025-01-15 08:10
host,b4154.betzy.sigma2.no,down,2025-03-22 00:08,2025-03-22 08:21
host,b4154.betzy.sigma2.no,down,2025-03-29 00:02,2025-03-29 07:00
host,b4154.betzy.sigma2.no,down,2025-03-30 00:03,2025-03-30 10:52
host,b4154.betzy.sigma2.no,down,2025-08-14 06:47,2025-08-15 00:02
host,b4155.betzy.sigma2.no,down,2025-01-13 05:44,2025-01-15 08:09
host,b4155.betzy.sigma2.no,down,2025-03-22 00:04,2025-03-22 08:22
host,b4155.betzy.sigma2.no,down,2025-03-29 00:06,2025-03-29 06:57
host,b4155.betzy.sigma2.no,down,2025-03-30 00:04,2025-03-30 10:52
host,b4155.betzy.sigma2.no,down,2025-08-14 06:49,2025-08-15 00:04
host,b4156.betzy.sigma2.no,down,2025-01-13 05:39,2025-01-15 08:09
host,b4156.betzy.sigma2.no,down,2025-03-22 00:06,2025-03-22 08:19
host,b4156.betzy.sigma2.no,down,2025-03-29 00:06,2025-03-29 06:58
host,b4156.betzy.sigma2.no,down,2025-03-30 00:06,2025-03-30 10:51
host,b4156.betzy.sigma2.no,down,2025-04-08 07:32,2025-04-08 18:58
host,b4156.betzy.sigma2.no,down,2025-08-14 06:46,2025-08-15 00:04
host,b4157.betzy.sigma2.no,down,2025-01-13 05:45,2025-01-15 08:13
host,b4157.betzy.sigma2.no,down,2025-03-22 00:06,2025-03-22 08:19
host,b4157.betzy.sigma2.no,down,2025-03-29 00:04,2025-03-29 06:56
host,b4157.betzy.sigma2.no,down,2025-03-30 00:02,2025-03-30 10:53
host,b4157.betzy.sigma2.no,down,2025-08-14 06:47,2025-08-15 00:04
host,b4158.betzy.sigma2.no,down,2025-01-13 05:44,2025-01-15 08:12
host,b4158.betzy.sigma2.no,down,2025-03-22 00:11,2025-03-22 08:24
host,b4158.betzy.sigma2.no,down,2025-03-29 00:06,2025-03-29 06:58
host,b4158.betzy.sigma2.no,down,2025-03-30 00:02,2025-03-30 10:53
host,b4158.betzy.sigma2.no,down,2025-08-14 06:49,2025-08-15 00:04
host,b4159.betzy.sigma2.no,down,2025-01-13 05:45,2025-01-15 08:14
host,b4159.betzy.sigma2.no,down,2025-03-22 00:05,2025-03-22 08:19
host,b4159.betzy.sigma2.no,down,2025-03-29 00:06,2025-03-29 06:58
host,b4159.betzy.sigma2.no,down,2025-03-30 00:04,2025-03-30 10:53
host,b4159.betzy.sigma2.no,down,2025-08-14 06:46,2025-08-15 00:05
host,b4160.betzy.sigma2.no,down,2025-01-13 05:45,2025-01-15 08:09
host,b4160.betzy.sigma2.no,down,2025-03-22 00:08,2025-03-22 08:21
host,b4160.betzy.sigma2.no,down,2025-03-29 00:06,2025-03-29 06:58
host,b4160.betzy.sigma2.no,down,2025-03-30 00:02,2025-03-30 10:53
host,b4160.betzy.sigma2.no,down,2025-08-14 06:47,2025-08-15 00:05
host,b4161.betzy.sigma2.no,down,2025-01-13 05:42,2025-01-15 08:09
host,b4161.betzy.sigma2.no,down,2025-03-22 00:04,2025-03-22 08:22
host,b4161.betzy.sigma2.no,down,2025-03-29 00:05,2025-03-29 06:57
host,b4161.betzy.sigma2.no,down,2025-03-30 00:04,2025-03-30 10:53
host,b4161.betzy.sigma2.no,down,2025-08-14 06:49,2025-08-15 00:04
host,b4162.betzy.sigma2.no,down,2025-01-13 05:45,2025-01-15 08:12
host,b4162.betzy.sigma2.no,down,2025-03-22 00:04,2025-03-22 08:22
host,b4162.betzy.sigma2.no,down,2025-03-29 00:04,2025-03-29 06:56
host,b4162.betzy.sigma2.no,down,2025-03-30 00:04,2025-03-30 10:53
host,b4162.betzy.sigma2.no,down,2025-08-14 06:46,2025-08-15 00:04
host,b4163.betzy.sigma2.no,down,2025-01-13 05:42,2025-01-15 08:14
host,b4163.betzy.sigma2.no,down,2025-03-22 00:06,2025-03-22 08:20
host,b4163.betzy.sigma2.no,down,2025-03-29 00:03,2025-03-29 06:56
host,b4163.betzy.sigma2.no,down,2025-03-30 00:04,2025-03-30 10:53
host,b4163.betzy.sigma2.no,down,2025-08-14 06:48,2025-08-15 00:02
host,b4164.betzy.sigma2.no,down,2025-01-13 05:42,2025-01-15 08:12
host,b4164.betzy.sigma2.no,down,2025-03-22 00:05,2025-03-22 08:22
host,b4164.betzy.sigma2.no,down,2025-03-29 00:05,2025-03-29 06:56
host,b4164.betzy.sigma2.no,down,2025-03-30 00:04,2025-03-30 10:53
host,b4164.betzy.sigma2.no,down,2025-08-14 06:51,2025-08-15 00:05
host,b4165.betzy.sigma2.no,down,2025-01-13 05:44,2025-01-15 08:13
host,b4165.betzy.sigma2.no,down,2025-03-22 00:09,2025-03-22 08:22
host,b4165.betzy.sigma2.no,down,2025-03-29 00:04,2025-03-29 06:56
host,b4165.betzy.sigma2.no,down,2025-03-30 00:02,2025-03-30 10:52
host,b4165.betzy.sigma2.no,down,2025-08-14 06:47,2025-08-15 00:05
host,b4166.betzy.sigma2.no,down,2025-01-13 05:44,2025-01-15 08:14
host,b4166.betzy.sigma2.no,down,2025-03-22 00:09,2025-03-22 08:21
host,b4166.betzy.sigma2.no,down,2025-03-29 00:05,2025-03-29 06:56
host,b4166.betzy.sigma2.no,down,2025-03-30 00:02,2025-03-30 10:54
host,b4166.betzy.sigma2.no,down,2025-04-08 07:34,2025-04-08 18:59
host,b4166.betzy.sigma2.no,down,2025-08-14 06:47,2025-08-15 00:05
host,b4167.betzy.sigma2.no,down,2025-01-13 05:43,2025-01-15 08:11
host,b4167.betzy.sigma2.no,down,2025-03-22 00:06,2025-03-22 08:20
host,b4167.betzy.sigma2.no,down,2025-03-29 00:06,2025-03-29 06:58
host,b4167.betzy.sigma2.no,down,2025-03-30 00:04,2025-03-30 10:53
host,b4167.betzy.sigma2.no,down,2025-08-14 06:47,2025-08-15 00:05
host,b4168.betzy.sigma2.no,down,2025-01-13 05:44,2025-01-15 08:12
host,b4168.betzy.sigma2.no,down,2025-03-22 00:06,2025-03-22 08:19
host,b4168.betzy.sigma2.no,down,2025-03-29 00:04,2025-03-29 06:56
host,b4168.betzy.sigma2.no,down,2025-03-30 00:06,2025-03-30 10:50
host,b4168.betzy.sigma2.no,down,2025-08-14 06:50,2025-08-15 00:04
host,b4169.betzy.sigma2.no,down,2025-01-13 05:43,2025-01-15 08:11
host,b4169.betzy.sigma2.no,down,2025-03-22 00:05,2025-03-22 08:19
host,b4169.betzy.sigma2.no,down,2025-03-29 00:06,2025-03-29 06:58
host,b4169.betzy.sigma2.no,down,2025-03-30 00:06,2025-03-30 10:50
host,b4169.betzy.sigma2.no,down,2025-08-14 06:46,2025-08-15 00:05
host,b4170.betzy.sigma2.no,down,2025-01-13 05:44,2025-01-15 08:09
host,b4170.betzy.sigma2.no,down,2025-03-22 00:07,2025-03-22 08:20
host,b4170.betzy.sigma2.no,down,2025-03-29 00:05,2025-03-29 06:57
host,b4170.betzy.sigma2.no,down,2025-03-30 00:06,2025-03-30 10:50
host,b4170.betzy.sigma2.no,down,2025-08-14 06:48,2025-08-15 00:00
host,b4171.betzy.sigma2.no,down,2025-01-13 05:43,2025-01-15 08:10
host,b4171.betzy.sigma2.no,down,2025-03-22 00:05,2025-03-22 08:22
host,b4171.betzy.sigma2.no,down,2025-03-29 00:05,2025-03-29 06:57
host,b4171.betzy.sigma2.no,down,2025-03-30 00:05,2025-03-30 10:52
host,b4171.betzy.sigma2.no,down,2025-08-14 06:46,2025-08-15 00:04
host,b4172.betzy.sigma2.no,down,2025-01-13 05:45,2025-01-15 08:13
host,b4172.betzy.sigma2.no,down,2025-03-22 00:10,2025-03-22 08:24
host,b4172.betzy.sigma2.no,down,2025-03-29 00:03,2025-03-29 06:56
host,b4172.betzy.sigma2.no,down,2025-03-30 00:04,2025-03-30 10:54
host,b4172.betzy.sigma2.no,down,2025-08-14 06:47,2025-08-15 00:05
host,b4173.betzy.sigma2.no,down,2025-01-13 05:45,2025-01-15 08:11
host,b4173.betzy.sigma2.no,down,2025-03-22 00:08,2025-03-22 08:21
host,b4173.betzy.sigma2.no,down,2025-03-29 00:05,2025-03-29 06:56
host,b4173.betzy.sigma2.no,down,2025-03-30 00:03,2025-03-30 10:53
host,b4173.betzy.sigma2.no,down,2025-08-14 06:47,2025-08-15 00:02
host,b4174.betzy.sigma2.no,down,2025-01-13 05:45,2025-01-15 08:14
host,b4174.betzy.sigma2.no,down,2025-03-22 00:05,2025-03-22 08:23
host,b4174.betzy.sigma2.no,down,2025-03-29 00:06,2025-03-29 06:57
host,b4174.betzy.sigma2.no,down,2025-03-30 00:02,2025-03-30 10:52
host,b4174.betzy.sigma2.no,down,2025-08-14 06:47,2025-08-15 00:02
host,b4175.betzy.sigma2.no,down,2025-01-13 05:43,2025-01-15 08:12
host,b4175.betzy.sigma2.no,down,2025-03-22 00:05,2025-03-22 08:22
host,b4175.betzy.sigma2.no,down,2025-03-29 00:08,2025-03-29 07:00
host,b4175.betzy.sigma2.no,down,2025-03-30 00:05,2025-03-30 10:52
host,b4175.betzy.sigma2.no,down,2025-08-14 06:47,2025-08-15 00:00
host,b4176.betzy.sigma2.no,down,2025-01-13 05:40,2025-01-15 08:12
host,b4176.betzy.sigma2.no,down,2025-02-19 06:41,2025-02-20 14:15
host,b4176.betzy.sigma2.no,down,2025-03-22 00:06,2025-03-22 08:19
host,b4176.betzy.sigma2.no,down,2025-03-29 00:06,2025-03-29 06:58
host,b4176.betzy.sigma2.no,down,2025-03-30 00:03,2025-03-30 10:52
host,b4176.betzy.sigma2.no,down,2025-04-08 07:34,2025-04-08 18:59
host,b4176.betzy.sigma2.no,down,2025-08-14 06:47,2025-08-15 00:01
host,b4177.betzy.sigma2.no,down,2025-01-13 05:43,2025-01-15 08:12
host,b4177.betzy.sigma2.no,down,2025-01-20 22:32,2025-02-20 15:12
host,b4177.betzy.sigma2.no,down,2025-03-03 19:34,2025-06-03 14:31
host,b4177.betzy.sigma2.no,down,2025-07-24 04:56,2025-09-01 23:59
host,b4178.betzy.sigma2.no,down,2025-01-13 05:45,2025-01-15 08:09
host,b4178.betzy.sigma2.no,down,2025-02-19 06:41,2025-02-20 15:18
host,b4178.betzy.sigma2.no,down,2025-03-22 00:04,2025-03-22 08:22
host,b4178.betzy.sigma2.no,down,2025-03-29 00:04,2025-03-29 06:56
host,b4178.betzy.sigma2.no,down,2025-03-30 00:06,2025-03-30 10:51
host,b4178.betzy.sigma2.no,down,2025-08-14 06:46,2025-08-15 00:01
host,b4179.betzy.sigma2.no,down,2025-01-01 00:00,2025-01-15 08:40
host,b4179.betzy.sigma2.no,down,2025-03-22 00:05,2025-03-22 08:23
host,b4179.betzy.sigma2.no,down,2025-03-29 00:08,2025-03-29 06:33
host,b4179.betzy.sigma2.no,down,2025-03-30 00:04,2025-03-30 10:53
host,b4179.betzy.sigma2.no,down,2025-08-14 06:50,2025-08-15 00:05
host,b4180.betzy.sigma2.no,down,2025-01-13 05:45,2025-01-15 08:09
host,b4180.betzy.sigma2.no,down,2025-03-22 00:09,2025-03-22 08:22
host,b4180.betzy.sigma2.no,down,2025-03-29 00:03,2025-03-29 06:56
host,b4180.betzy.sigma2.no,down,2025-03-30 00:02,2025-03-30 10:53
host,b4180.betzy.sigma2.no,down,2025-08-14 06:48,2025-08-15 00:00
host,b4181.betzy.sigma2.no,down,2025-01-13 05:42,2025-01-15 08:12
host,b4181.betzy.sigma2.no,down,2025-03-22 00:10,2025-03-22 08:23
host,b4181.betzy.sigma2.no,down,2025-03-29 00:06,2025-03-29 06:59
host,b4181.betzy.sigma2.no,down,2025-03-30 00:04,2025-03-30 10:53
host,b4181.betzy.sigma2.no,down,2025-08-14 06:49,2025-08-15 00:00
host,b4182.betzy.sigma2.no,down,2025-01-01 00:00,2025-01-15 08:39
host,b4182.betzy.sigma2.no,down,2025-03-22 00:10,2025-03-22 08:24
host,b4182.betzy.sigma2.no,down,2025-03-29 00:06,2025-03-29 06:58
host,b4182.betzy.sigma2.no,down,2025-03-30 00:06,2025-03-30 10:50
host,b4182.betzy.sigma2.no,down,2025-08-14 06:49,2025-08-15 00:04
host,b4183.betzy.sigma2.no,down,2025-01-13 05:42,2025-01-15 08:12
host,b4183.betzy.sigma2.no,down,2025-03-22 00:09,2025-03-22 08:21
host,b4183.betzy.sigma2.no,down,2025-03-29 00:04,2025-03-29 06:56
host,b4183.betzy.sigma2.no,down,2025-03-30 00:04,2025-03-30 10:53
host,b4183.betzy.sigma2.no,down,2025-08-14 06:49,2025-08-15 00:04
host,b4184.betzy.sigma2.no,down,2025-01-13 05:45,2025-01-15 08:09
host,b4184.betzy.sigma2.no,down,2025-03-22 00:04,2025-03-22 08:22
host,b4184.betzy.sigma2.no,down,2025-03-29 00:06,2025-03-29 06:58
host,b4184.betzy.sigma2.no,down,2025-03-30 00:06,2025-03-30 10:51
host,b4184.betzy.sigma2.no,down,2025-08-14 06:49,2025-08-15 00:04
host,b4185.betzy.sigma2.no,down,2025-01-13 05:41,2025-01-15 08:09
host,b4185.betzy.sigma2.no,down,2025-03-22 00:11,2025-03-22 08:23
host,b4185.betzy.sigma2.no,down,2025-03-29 00:06,2025-03-29 06:58
host,b4185.betzy.sigma2.no,down,2025-03-30 00:04,2025-03-30 10:53
host,b4185.betzy.sigma2.no,down,2025-08-14 06:47,2025-08-15 00:05
host,b4186.betzy.sigma2.no,down,2025-01-13 05:44,2025-01-15 08:14
host,b4186.betzy.sigma2.no,down,2025-03-22 00:11,2025-03-22 08:24
host,b4186.betzy.sigma2.no,down,2025-03-29 00:06,2025-03-29 06:58
host,b4186.betzy.sigma2.no,down,2025-03-30 00:02,2025-03-30 10:53
host,b4186.betzy.sigma2.no,down,2025-04-08 07:32,2025-04-08 18:59
host,b4186.betzy.sigma2.no,down,2025-08-14 06:51,2025-08-15 00:00
host,b4187.betzy.sigma2.no,down,2025-01-13 05:39,2025-01-15 08:09
host,b4187.betzy.sigma2.no,down,2025-03-22 00:10,2025-03-22 08:24
host,b4187.betzy.sigma2.no,down,2025-03-29 00:03,2025-03-29 06:56
host,b4187.betzy.sigma2.no,down,2025-03-30 00:04,2025-03-30 10:52
host,b4187.betzy.sigma2.no,down,2025-08-14 06:47,2025-08-15 00:05
host,b4188.betzy.sigma2.no,down,2025-01-13 05:40,2025-01-15 08:10
host,b4188.betzy.sigma2.no,down,2025-03-22 00:05,2025-03-22 08:19
host,b4188.betzy.sigma2.no,down,2025-03-29 00:06,2025-03-29 06:58
host,b4188.betzy.sigma2.no,down,2025-03-30 00:04,2025-03-30 10:53
host,b4188.betzy.sigma2.no,down,2025-08-14 06:46,2025-08-15 00:04
host,b4189.betzy.sigma2.no,down,2025-01-13 05:43,2025-01-15 08:10
host,b4189.betzy.sigma2.no,down,2025-03-22 00:11,2025-03-22 08:24
host,b4189.betzy.sigma2.no,down,2025-03-29 00:05,2025-03-29 06:57
host,b4189.betzy.sigma2.no,down,2025-03-30 00:02,2025-03-30 10:54
host,b4189.betzy.sigma2.no,down,2025-08-14 06:47,2025-08-15 00:02
host,b4190.betzy.sigma2.no,down,2025-01-13 05:45,2025-01-15 08:11
host,b4190.betzy.sigma2.no,down,2025-03-22 00:07,2025-03-22 08:21
host,b4190.betzy.sigma2.no,down,2025-03-29 00:02,2025-03-29 06:56
host,b4190.betzy.sigma2.no,down,2025-03-30 00:04,2025-03-30 10:53
host,b4190.betzy.sigma2.no,down,2025-08-14 06:47,2025-08-15 00:05
host,b4191.betzy.sigma2.no,down,2025-01-13 05:45,2025-01-15 08:12
host,b4191.betzy.sigma2.no,down,2025-03-22 00:11,2025-03-22 08:24
host,b4191.betzy.sigma2.no,down,2025-03-29 00:08,2025-03-29 07:00
host,b4191.betzy.sigma2.no,down,2025-03-30 00:02,2025-03-30 10:53
host,b4191.betzy.sigma2.no,down,2025-08-14 06:48,2025-08-15 00:02
host,b4192.betzy.sigma2.no,down,2025-01-13 05:40,2025-01-15 08:09
host,b4192.betzy.sigma2.no,down,2025-03-22 00:11,2025-03-22 08:24
host,b4192.betzy.sigma2.no,down,2025-03-29 00:08,2025-03-29 07:00
host,b4192.betzy.sigma2.no,down,2025-03-30 00:05,2025-03-30 10:52
host,b4192.betzy.sigma2.no,down,2025-08-14 06:50,2025-08-15 00:05
host,b4193.betzy.sigma2.no,down,2025-01-13 05:39,2025-01-15 08:09
host,b4193.betzy.sigma2.no,down,2025-03-22 00:04,2025-03-22 08:23
host,b4193.betzy.sigma2.no,down,2025-03-29 00:05,2025-03-29 06:57
host,b4193.betzy.sigma2.no,down,2025-03-30 00:04,2025-03-30 10:53
host,b4193.betzy.sigma2.no,down,2025-08-14 06:47,2025-08-15 00:05
host,b4194.betzy.sigma2.no,down,2025-01-13 05:45,2025-01-15 08:13
host,b4194.betzy.sigma2.no,down,2025-03-22 00:10,2025-03-22 08:23
host,b4194.betzy.sigma2.no,down,2025-03-29 00:05,2025-03-29 06:56
host,b4194.betzy.sigma2.no,down,2025-03-30 00:06,2025-03-30 10:50
host,b4194.betzy.sigma2.no,down,2025-04-07 08:52,2025-04-08 09:21
host,b4194.betzy.sigma2.no,down,2025-08-14 06:47,2025-08-15 00:02
host,b4195.betzy.sigma2.no,down,2025-01-13 05:44,2025-01-15 08:13
host,b4195.betzy.sigma2.no,down,2025-03-22 00:05,2025-03-22 08:19
host,b4195.betzy.sigma2.no,down,2025-03-29 00:08,2025-03-29 06:33
host,b4195.betzy.sigma2.no,down,2025-03-30 00:02,2025-03-30 10:53
host,b4195.betzy.sigma2.no,down,2025-04-07 08:52,2025-04-08 09:21
host,b4195.betzy.sigma2.no,down,2025-08-14 06:50,2025-08-15 00:02
host,b4196.betzy.sigma2.no,down,2025-01-13 05:42,2025-01-15 08:13
host,b4196.betzy.sigma2.no,down,2025-03-22 00:11,2025-03-22 08:24
host,b4196.betzy.sigma2.no,down,2025-03-29 00:05,2025-03-29 06:56
host,b4196.betzy.sigma2.no,down,2025-03-30 00:06,2025-03-30 10:51
host,b4196.betzy.sigma2.no,down,2025-04-07 08:49,2025-04-08 09:21
host,b4196.betzy.sigma2.no,down,2025-08-14 06:46,2025-08-15 00:04
host,b4201.betzy.sigma2.no,down,2025-01-13 05:41,2025-01-15 08:09
host,b4201.betzy.sigma2.no,down,2025-03-22 00:08,2025-03-22 08:21
host,b4201.betzy.sigma2.no,down,2025-03-29 00:05,2025-03-29 06:57
host,b4201.betzy.sigma2.no,down,2025-03-30 00:04,2025-03-30 10:53
host,b4201.betzy.sigma2.no,down,2025-03-31 09:02,2025-03-31 13:04
host,b4201.betzy.sigma2.no,down,2025-08-14 06:46,2025-08-15 00:04
host,b4202.betzy.sigma2.no,down,2025-01-13 05:38,2025-01-15 08:09
host,b4202.betzy.sigma2.no,down,2025-03-22 00:08,2025-03-22 08:21
host,b4202.betzy.sigma2.no,down,2025-03-29 00:08,2025-03-29 06:33
host,b4202.betzy.sigma2.no,down,2025-03-30 00:04,2025-03-30 10:53
host,b4202.betzy.sigma2.no,down,2025-03-31 09:03,2025-03-31 13:28
host,b4202.betzy.sigma2.no,down,2025-08-13 22:02,2025-08-19 06:11
host,b4203.betzy.sigma2.no,down,2025-01-13 05:42,2025-01-15 08:12
host,b4203.betzy.sigma2.no,down,2025-03-22 00:06,2025-03-22 08:20
host,b4203.betzy.sigma2.no,down,2025-03-29 00:04,2025-03-29 06:56
host,b4203.betzy.sigma2.no,down,2025-03-30 00:06,2025-03-30 10:50
host,b4203.betzy.sigma2.no,down,2025-03-31 09:01,2025-03-31 13:28
host,b4203.betzy.sigma2.no,down,2025-08-14 06:50,2025-08-15 00:02
host,b4204.betzy.sigma2.no,down,2025-01-13 05:44,2025-01-15 08:10
host,b4204.betzy.sigma2.no,down,2025-03-22 00:04,2025-03-22 08:23
host,b4204.betzy.sigma2.no,down,2025-03-29 00:05,2025-03-29 06:57
host,b4204.betzy.sigma2.no,down,2025-03-30 00:03,2025-03-30 10:52
host,b4204.betzy.sigma2.no,down,2025-08-14 06:48,2025-08-15 00:03
host,b4205.betzy.sigma2.no,down,2025-01-13 05:39,2025-01-15 08:11
host,b4205.betzy.sigma2.no,down,2025-03-22 00:08,2025-03-22 08:21
host,b4205.betzy.sigma2.no,down,2025-03-29 00:08,2025-03-29 06:33
host,b4205.betzy.sigma2.no,down,2025-03-30 00:06,2025-03-30 10:50
host,b4205.betzy.sigma2.no,down,2025-08-14 06:50,2025-08-15 00:02
host,b4206.betzy.sigma2.no,down,2025-01-13 05:43,2025-01-15 08:13
host,b4206.betzy.sigma2.no,down,2025-03-22 00:03,2025-03-22 08:23
host,b4206.betzy.sigma2.no,down,2025-03-29 00:05,2025-03-29 06:58
host,b4206.betzy.sigma2.no,down,2025-03-30 00:03,2025-03-30 10:53
host,b4206.betzy.sigma2.no,down,2025-04-08 07:33,2025-04-08 18:59
host,b4206.betzy.sigma2.no,down,2025-08-14 06:48,2025-08-15 00:05
host,b4207.betzy.sigma2.no,down,2025-01-13 05:38,2025-01-15 08:13
host,b4207.betzy.sigma2.no,down,2025-03-22 00:08,2025-03-22 08:21
host,b4207.betzy.sigma2.no,down,2025-03-29 00:08,2025-03-29 06:34
host,b4207.betzy.sigma2.no,down,2025-03-30 00:06,2025-03-30 10:50
host,b4207.betzy.sigma2.no,down,2025-07-08 05:25,2025-07-09 14:40
host,b4207.betzy.sigma2.no,down,2025-08-14 06:47,2025-08-15 00:04
host,b4208.betzy.sigma2.no,down,2025-01-13 05:39,2025-01-15 08:10
host,b4208.betzy.sigma2.no,down,2025-02-16 20:56,2025-02-25 13:08
host,b4208.betzy.sigma2.no,down,2025-03-22 00:06,2025-03-22 08:19
host,b4208.betzy.sigma2.no,down,2025-03-29 00:05,2025-03-29 06:56
host,b4208.betzy.sigma2.no,down,2025-03-30 00:05,2025-03-30 10:52
host,b4208.betzy.sigma2.no,down,2025-07-08 05:25,2025-07-09 14:39
host,b4208.betzy.sigma2.no,down,2025-08-14 06:49,2025-08-15 00:00
host,b4209.betzy.sigma2.no,down,2025-01-13 05:43,2025-01-15 08:12
host,b4209.betzy.sigma2.no,down,2025-03-22 00:06,2025-03-22 08:20
host,b4209.betzy.sigma2.no,down,2025-03-29 00:08,2025-03-29 06:33
host,b4209.betzy.sigma2.no,down,2025-03-30 00:02,2025-03-30 10:52
host,b4209.betzy.sigma2.no,down,2025-07-08 05:26,2025-07-09 14:40
host,b4209.betzy.sigma2.no,down,2025-08-14 06:47,2025-08-15 00:05
host,b4210.betzy.sigma2.no,down,2025-01-13 05:38,2025-01-15 08:09
host,b4210.betzy.sigma2.no,down,2025-03-22 00:06,2025-03-22 08:20
host,b4210.betzy.sigma2.no,down,2025-03-29 00:05,2025-03-29 06:57
host,b4210.betzy.sigma2.no,down,2025-03-30 00:02,2025-03-30 10:52
host,b4210.betzy.sigma2.no,down,2025-08-14 06:46,2025-08-15 00:01
host,b4211.betzy.sigma2.no,down,2025-01-13 05:39,2025-01-15 08:09
host,b4211.betzy.sigma2.no,down,2025-03-22 00:11,2025-03-22 08:24
host,b4211.betzy.sigma2.no,down,2025-03-29 00:08,2025-03-29 07:00
host,b4211.betzy.sigma2.no,down,2025-03-30 00:02,2025-03-30 10:53
host,b4211.betzy.sigma2.no,down,2025-08-14 06:47,2025-08-15 00:01
host,b4212.betzy.sigma2.no,down,2025-01-13 05:38,2025-01-15 08:13
host,b4212.betzy.sigma2.no,down,2025-03-22 00:08,2025-03-22 08:21
host,b4212.betzy.sigma2.no,down,2025-03-29 00:04,2025-03-29 06:56
host,b4212.betzy.sigma2.no,down,2025-03-30 00:05,2025-03-30 10:52
host,b4212.betzy.sigma2.no,down,2025-08-14 06:47,2025-08-15 00:02
host,b4213.betzy.sigma2.no,down,2025-01-13 05:41,2025-01-15 08:10
host,b4213.betzy.sigma2.no,down,2025-03-22 00:08,2025-03-22 08:21
host,b4213.betzy.sigma2.no,down,2025-03-29 00:06,2025-03-29 06:58
host,b4213.betzy.sigma2.no,down,2025-03-30 00:04,2025-03-30 10:54
host,b4213.betzy.sigma2.no,down,2025-08-14 06:50,2025-08-15 00:02
host,b4214.betzy.sigma2.no,down,2025-01-13 05:43,2025-01-15 08:13
host,b4214.betzy.sigma2.no,down,2025-03-22 00:08,2025-03-22 08:21
host,b4214.betzy.sigma2.no,down,2025-03-29 00:05,2025-03-29 06:57
host,b4214.betzy.sigma2.no,down,2025-03-30 00:02,2025-03-30 10:54
host,b4214.betzy.sigma2.no,down,2025-08-14 06:50,2025-08-15 00:02
host,b4215.betzy.sigma2.no,down,2025-01-13 05:40,2025-01-15 08:13
host,b4215.betzy.sigma2.no,down,2025-03-22 00:08,2025-03-22 08:21
host,b4215.betzy.sigma2.no,down,2025-03-29 00:08,2025-03-29 07:00
host,b4215.betzy.sigma2.no,down,2025-03-30 00:02,2025-03-30 10:53
host,b4215.betzy.sigma2.no,down,2025-08-14 06:49,2025-08-15 00:03
host,b4216.betzy.sigma2.no,down,2025-01-13 05:39,2025-01-15 08:09
host,b4216.betzy.sigma2.no,down,2025-03-18 06:20,2025-03-19 10:53
host,b4216.betzy.sigma2.no,down,2025-03-22 00:05,2025-03-22 08:23
host,b4216.betzy.sigma2.no,down,2025-03-29 00:05,2025-03-29 06:57
host,b4216.betzy.sigma2.no,down,2025-03-30 00:02,2025-03-30 10:54
host,b4216.betzy.sigma2.no,down,2025-04-08 07:32,2025-04-08 18:59
host,b4216.betzy.sigma2.no,down,2025-08-14 06:49,2025-08-15 00:04
host,b4217.betzy.sigma2.no,down,2025-01-13 05:39,2025-01-15 08:13
host,b4217.betzy.sigma2.no,down,2025-03-18 06:18,2025-03-19 10:53
host,b4217.betzy.sigma2.no,down,2025-03-22 00:04,2025-03-22 08:24
host,b4217.betzy.sigma2.no,down,2025-03-29 00:04,2025-03-29 06:56
host,b4217.betzy.sigma2.no,down,2025-03-30 00:02,2025-03-30 10:53
host,b4217.betzy.sigma2.no,down,2025-08-14 06:46,2025-08-15 00:04
host,b4218.betzy.sigma2.no,down,2025-01-13 05:41,2025-01-15 08:09
host,b4218.betzy.sigma2.no,down,2025-03-18 06:18,2025-03-19 10:53
host,b4218.betzy.sigma2.no,down,2025-03-22 00:01,2025-03-22 08:19
host,b4218.betzy.sigma2.no,down,2025-03-29 00:04,2025-03-29 06:56
host,b4218.betzy.sigma2.no,down,2025-03-30 00:04,2025-03-30 10:53
host,b4218.betzy.sigma2.no,down,2025-08-14 06:50,2025-08-15 00:05
host,b4219.betzy.sigma2.no,down,2025-01-13 05:44,2025-01-15 08:13
host,b4219.betzy.sigma2.no,down,2025-03-22 00:08,2025-03-22 08:21
host,b4219.betzy.sigma2.no,down,2025-03-29 00:05,2025-03-29 06:57
host,b4219.betzy.sigma2.no,down,2025-03-30 00:05,2025-03-30 10:52
host,b4219.betzy.sigma2.no,down,2025-08-14 06:50,2025-08-15 00:02
host,b4220.betzy.sigma2.no,down,2025-01-13 05:39,2025-01-15 08:09
host,b4220.betzy.sigma2.no,down,2025-03-22 00:06,2025-03-22 08:19
host,b4220.betzy.sigma2.no,down,2025-03-29 00:04,2025-03-29 06:56
host,b4220.betzy.sigma2.no,down,2025-03-30 00:02,2025-03-30 10:52
host,b4220.betzy.sigma2.no,down,2025-08-14 06:50,2025-08-15 00:05
host,b4221.betzy.sigma2.no,down,2025-01-13 05:39,2025-01-15 08:09
host,b4221.betzy.sigma2.no,down,2025-03-22 00:06,2025-03-22 08:20
host,b4221.betzy.sigma2.no,down,2025-03-29 00:06,2025-03-29 06:59
host,b4221.betzy.sigma2.no,down,2025-03-30 00:04,2025-03-30 10:52
host,b4221.betzy.sigma2.no,down,2025-08-14 06:49,2025-08-15 00:04
host,b4222.betzy.sigma2.no,down,2025-01-13 05:41,2025-01-15 08:14
host,b4222.betzy.sigma2.no,down,2025-03-22 00:08,2025-03-22 08:21
host,b4222.betzy.sigma2.no,down,2025-03-29 00:08,2025-03-29 07:00
host,b4222.betzy.sigma2.no,down,2025-03-30 00:04,2025-03-30 10:53
host,b4222.betzy.sigma2.no,down,2025-08-14 06:49,2025-08-15 00:04
host,b4223.betzy.sigma2.no,down,2025-01-13 05:42,2025-01-15 08:09
host,b4223.betzy.sigma2.no,down,2025-03-22 00:08,2025-03-22 08:20
host,b4223.betzy.sigma2.no,down,2025-03-29 00:05,2025-03-29 06:57
host,b4223.betzy.sigma2.no,down,2025-03-30 00:02,2025-03-30 10:54
host,b4223.betzy.sigma2.no,down,2025-08-14 06:47,2025-08-15 00:05
host,b4224.betzy.sigma2.no,down,2025-01-13 05:44,2025-01-15 08:13
host,b4224.betzy.sigma2.no,down,2025-03-22 00:04,2025-03-22 08:23
host,b4224.betzy.sigma2.no,down,2025-03-29 00:04,2025-03-29 06:56
host,b4224.betzy.sigma2.no,down,2025-03-30 00:06,2025-03-30 10:52
host,b4224.betzy.sigma2.no,down,2025-08-14 06:47,2025-08-15 00:00
host,b4225.betzy.sigma2.no,down,2025-01-13 05:38,2025-01-15 08:09
host,b4225.betzy.sigma2.no,down,2025-03-22 00:08,2025-03-22 08:21
host,b4225.betzy.sigma2.no,down,2025-03-29 00:08,2025-03-29 07:00
host,b4225.betzy.sigma2.no,down,2025-03-30 00:02,2025-03-30 10:53
host,b4225.betzy.sigma2.no,down,2025-08-14 06:50,2025-08-15 00:04
host,b4226.betzy.sigma2.no,down,2025-01-13 05:39,2025-01-15 08:10
host,b4226.betzy.sigma2.no,down,2025-03-22 00:08,2025-03-22 08:20
host,b4226.betzy.sigma2.no,down,2025-03-29 00:05,2025-03-29 06:57
host,b4226.betzy.sigma2.no,down,2025-03-30 00:03,2025-03-30 10:52
host,b4226.betzy.sigma2.no,down,2025-04-08 07:33,2025-04-08 18:59
host,b4226.betzy.sigma2.no,down,2025-08-14 06:50,2025-08-15 00:05
host,b4227.betzy.sigma2.no,down,2025-01-13 05:39,2025-01-15 08:12
host,b4227.betzy.sigma2.no,down,2025-03-22 00:05,2025-03-22 08:19
host,b4227.betzy.sigma2.no,down,2025-03-29 00:05,2025-03-29 06:58
host,b4227.betzy.sigma2.no,down,2025-03-30 00:04,2025-03-30 10:52
host,b4227.betzy.sigma2.no,down,2025-08-14 06:51,2025-08-15 00:00
host,b4228.betzy.sigma2.no,down,2025-01-13 05:43,2025-01-15 08:13
host,b4228.betzy.sigma2.no,down,2025-03-22 00:05,2025-03-22 08:19
host,b4228.betzy.sigma2.no,down,2025-03-29 00:08,2025-03-29 06:33
host,b4228.betzy.sigma2.no,down,2025-03-30 00:06,2025-03-30 10:50
host,b4228.betzy.sigma2.no,down,2025-08-14 06:47,2025-08-15 00:02
host,b4229.betzy.sigma2.no,down,2025-01-13 05:42,2025-01-15 08:12
host,b4229.betzy.sigma2.no,down,2025-03-22 00:04,2025-03-22 08:23
host,b4229.betzy.sigma2.no,down,2025-03-29 00:04,2025-03-29 06:56
host,b4229.betzy.sigma2.no,down,2025-03-30 00:04,2025-03-30 10:54
host,b4229.betzy.sigma2.no,down,2025-08-14 06:46,2025-08-15 00:04
host,b4230.betzy.sigma2.no,down,2025-01-13 05:41,2025-01-15 08:14
host,b4230.betzy.sigma2.no,down,2025-03-22 00:06,2025-03-22 08:19
host,b4230.betzy.sigma2.no,down,2025-03-29 00:06,2025-03-29 06:58
host,b4230.betzy.sigma2.no,down,2025-03-30 00:06,2025-03-30 10:52
host,b4230.betzy.sigma2.no,down,2025-08-14 06:46,2025-08-15 00:04
host,b4231.betzy.sigma2.no,down,2025-01-13 05:43,2025-01-15 08:09
host,b4231.betzy.sigma2.no,down,2025-03-22 00:08,2025-03-22 08:21
host,b4231.betzy.sigma2.no,down,2025-03-29 00:05,2025-03-29 06:57
host,b4231.betzy.sigma2.no,down,2025-03-30 00:02,2025-03-30 10:53
host,b4231.betzy.sigma2.no,down,2025-08-14 06:46,2025-08-15 00:02
host,b4232.betzy.sigma2.no,down,2025-01-13 05:39,2025-01-15 08:09
host,b4232.betzy.sigma2.no,down,2025-03-22 00:08,2025-03-22 08:21
host,b4232.betzy.sigma2.no,down,2025-03-29 00:08,2025-03-29 07:00
host,b4232.betzy.sigma2.no,down,2025-03-30 00:02,2025-03-30 10:53
host,b4232.betzy.sigma2.no,down,2025-08-14 06:46,2025-08-15 00:05
host,b4233.betzy.sigma2.no,down,2025-01-13 05:41,2025-01-15 08:09
host,b4233.betzy.sigma2.no,down,2025-03-22 00:06,2025-03-22 08:19
host,b4233.betzy.sigma2.no,down,2025-03-29 00:08,2025-03-29 06:33
host,b4233.betzy.sigma2.no,down,2025-03-30 00:02,2025-03-30 10:52
host,b4233.betzy.sigma2.no,down,2025-08-14 06:46,2025-08-15 00:02
host,b4234.betzy.sigma2.no,down,2025-01-13 05:41,2025-01-15 08:13
host,b4234.betzy.sigma2.no,down,2025-03-22 00:06,2025-03-22 08:20
host,b4234.betzy.sigma2.no,down,2025-03-29 00:04,2025-03-29 06:57
host,b4234.betzy.sigma2.no,down,2025-03-30 00:02,2025-03-30 10:53
host,b4234.betzy.sigma2.no,down,2025-08-14 06:46,2025-08-15 00:04
host,b4235.betzy.sigma2.no,down,2025-01-13 05:44,2025-01-15 08:13
host,b4235.betzy.sigma2.no,down,2025-03-21 23:55,2025-03-22 08:19
host,b4235.betzy.sigma2.no,down,2025-03-29 00:08,2025-03-29 07:00
host,b4235.betzy.sigma2.no,down,2025-03-30 00:02,2025-03-30 10:53
host,b4235.betzy.sigma2.no,down,2025-08-14 06:50,2025-08-15 00:02
host,b4236.betzy.sigma2.no,down,2025-01-13 05:40,2025-01-15 08:10
host,b4236.betzy.sigma2.no,down,2025-03-22 00:05,2025-03-22 08:23
host,b4236.betzy.sigma2.no,down,2025-03-29 00:05,2025-03-29 06:57
host,b4236.betzy.sigma2.no,down,2025-03-30 00:04,2025-03-30 10:52
host,b4236.betzy.sigma2.no,down,2025-04-08 07:33,2025-04-08 18:59
host,b4236.betzy.sigma2.no,down,2025-08-14 06:47,2025-08-15 00:05
host,b4237.betzy.sigma2.no,down,2025-01-13 05:41,2025-01-15 08:10
host,b4237.betzy.sigma2.no,down,2025-03-22 00:10,2025-03-22 08:24
host,b4237.betzy.sigma2.no,down,2025-03-29 00:06,2025-03-29 06:58
host,b4237.betzy.sigma2.no,down,2025-03-30 00:04,2025-03-30 10:52
host,b4237.betzy.sigma2.no,down,2025-08-14 06:46,2025-08-15 00:04
host,b4238.betzy.sigma2.no,down,2025-01-13 05:41,2025-01-15 08:11
host,b4238.betzy.sigma2.no,down,2025-03-22 00:04,2025-03-22 08:23
host,b4238.betzy.sigma2.no,down,2025-03-29 00:08,2025-03-29 07:00
host,b4238.betzy.sigma2.no,down,2025-03-30 00:04,2025-03-30 10:53
host,b4238.betzy.sigma2.no,down,2025-08-14 06:46,2025-08-15 00:04
host,b4239.betzy.sigma2.no,down,2025-01-13 05:42,2025-01-15 08:09
host,b4239.betzy.sigma2.no,down,2025-03-22 00:06,2025-03-22 08:20
host,b4239.betzy.sigma2.no,down,2025-03-29 00:04,2025-03-29 06:56
host,b4239.betzy.sigma2.no,down,2025-03-30 00:06,2025-03-30 10:50
host,b4239.betzy.sigma2.no,down,2025-08-14 06:46,2025-08-15 00:05
host,b4240.betzy.sigma2.no,down,2025-01-13 05:40,2025-01-15 08:14
host,b4240.betzy.sigma2.no,down,2025-03-22 00:10,2025-03-22 08:24
host,b4240.betzy.sigma2.no,down,2025-03-29 00:04,2025-03-29 06:56
host,b4240.betzy.sigma2.no,down,2025-03-30 00:02,2025-03-30 10:52
host,b4240.betzy.sigma2.no,down,2025-08-14 06:49,2025-08-15 00:04
host,b4241.betzy.sigma2.no,down,2025-01-13 05:39,2025-01-15 08:13
host,b4241.betzy.sigma2.no,down,2025-03-22 00:08,2025-03-22 08:21
host,b4241.betzy.sigma2.no,down,2025-03-29 00:04,2025-03-29 06:56
host,b4241.betzy.sigma2.no,down,2025-03-30 00:06,2025-03-30 10:51
host,b4241.betzy.sigma2.no,down,2025-08-14 06:51,2025-08-15 00:00
host,b4242.betzy.sigma2.no,down,2025-01-13 05:38,2025-01-15 08:11
host,b4242.betzy.sigma2.no,down,2025-03-22 00:08,2025-03-22 08:21
host,b4242.betzy.sigma2.no,down,2025-03-29 00:06,2025-03-29 06:58
host,b4242.betzy.sigma2.no,down,2025-03-30 00:03,2025-03-30 10:52
host,b4242.betzy.sigma2.no,down,2025-08-14 06:46,2025-08-15 00:04
host,b4243.betzy.sigma2.no,down,2025-01-13 05:40,2025-01-15 08:09
host,b4243.betzy.sigma2.no,down,2025-03-22 00:08,2025-03-22 08:22
host,b4243.betzy.sigma2.no,down,2025-03-29 00:06,2025-03-29 06:59
host,b4243.betzy.sigma2.no,down,2025-03-30 00:06,2025-03-30 10:50
host,b4243.betzy.sigma2.no,down,2025-08-14 06:47,2025-08-15 00:02
host,b4244.betzy.sigma2.no,down,2025-01-13 05:39,2025-01-15 08:14
host,b4244.betzy.sigma2.no,down,2025-03-22 00:09,2025-03-22 08:22
host,b4244.betzy.sigma2.no,down,2025-03-29 00:06,2025-03-29 06:57
host,b4244.betzy.sigma2.no,down,2025-03-30 00:06,2025-03-30 10:52
host,b4244.betzy.sigma2.no,down,2025-08-14 06:46,2025-08-15 00:04
host,b4245.betzy.sigma2.no,down,2025-01-13 05:41,2025-01-15 08:09
host,b4245.betzy.sigma2.no,down,2025-03-22 00:06,2025-03-22 08:19
host,b4245.betzy.sigma2.no,down,2025-03-29 00:04,2025-03-29 06:57
host,b4245.betzy.sigma2.no,down,2025-03-30 00:05,2025-03-30 10:52
host,b4245.betzy.sigma2.no,down,2025-08-14 06:50,2025-08-15 00:04
host,b4246.betzy.sigma2.no,down,2025-01-13 05:42,2025-01-15 08:09
host,b4246.betzy.sigma2.no,down,2025-03-22 00:08,2025-03-22 08:21
host,b4246.betzy.sigma2.no,down,2025-03-29 00:05,2025-03-29 06:57
host,b4246.betzy.sigma2.no,down,2025-03-30 00:03,2025-03-30 10:52
host,b4246.betzy.sigma2.no,down,2025-04-08 07:33,2025-04-08 18:58
host,b4246.betzy.sigma2.no,down,2025-08-14 06:46,2025-08-15 00:03
host,b4247.betzy.sigma2.no,down,2025-01-13 05:41,2025-01-15 08:13
host,b4247.betzy.sigma2.no,down,2025-03-22 00:08,2025-03-22 08:22
host,b4247.betzy.sigma2.no,down,2025-03-29 00:02,2025-03-29 06:56
host,b4247.betzy.sigma2.no,down,2025-03-30 00:04,2025-03-30 10:53
host,b4247.betzy.sigma2.no,down,2025-08-14 06:50,2025-08-15 00:02
host,b4248.betzy.sigma2.no,down,2025-01-13 05:43,2025-01-15 08:10
host,b4248.betzy.sigma2.no,down,2025-03-22 00:11,2025-03-22 08:24
host,b4248.betzy.sigma2.no,down,2025-03-29 00:04,2025-03-29 06:56
host,b4248.betzy.sigma2.no,down,2025-03-30 00:04,2025-03-30 10:53
host,b4248.betzy.sigma2.no,down,2025-08-14 06:46,2025-08-15 00:02
host,b4249.betzy.sigma2.no,down,2025-01-13 05:39,2025-01-15 08:10
host,b4249.betzy.sigma2.no,down,2025-03-22 00:11,2025-03-22 08:24
host,b4249.betzy.sigma2.no,down,2025-03-29 00:08,2025-03-29 07:00
host,b4249.betzy.sigma2.no,down,2025-03-30 00:08,2025-03-30 10:51
host,b4249.betzy.sigma2.no,down,2025-08-14 06:47,2025-08-15 00:04
host,b4250.betzy.sigma2.no,down,2025-01-13 05:41,2025-01-15 08:14
host,b4250.betzy.sigma2.no,down,2025-03-22 00:04,2025-03-22 08:22
host,b4250.betzy.sigma2.no,down,2025-03-29 00:08,2025-03-29 06:33
host,b4250.betzy.sigma2.no,down,2025-03-30 00:02,2025-03-30 10:54
host,b4250.betzy.sigma2.no,down,2025-08-14 06:47,2025-08-15 00:02
host,b4251.betzy.sigma2.no,down,2025-01-13 05:42,2025-01-15 08:09
host,b4251.betzy.sigma2.no,down,2025-03-22 00:06,2025-03-22 08:19
host,b4251.betzy.sigma2.no,down,2025-03-29 00:05,2025-03-29 06:57
host,b4251.betzy.sigma2.no,down,2025-03-30 00:02,2025-03-30 10:53
host,b4251.betzy.sigma2.no,down,2025-08-14 06:48,2025-08-15 00:01
host,b4252.betzy.sigma2.no,down,2025-01-01 00:00,2025-01-15 08:46
host,b4252.betzy.sigma2.no,down,2025-03-22 00:11,2025-03-22 08:24
host,b4252.betzy.sigma2.no,down,2025-03-29 00:05,2025-03-29 06:57
host,b4252.betzy.sigma2.no,down,2025-03-30 00:02,2025-03-30 10:53
host,b4252.betzy.sigma2.no,down,2025-08-14 06:50,2025-08-15 00:00
host,b4252.betzy.sigma2.no,down,2025-08-19 16:34,2025-08-21 11:41
host,b4253.betzy.sigma2.no,down,2025-01-13 05:43,2025-01-15 08:45
host,b4253.betzy.sigma2.no,down,2025-03-22 00:05,2025-03-22 08:19
host,b4253.betzy.sigma2.no,down,2025-03-29 00:05,2025-03-29 06:58
host,b4253.betzy.sigma2.no,down,2025-03-30 00:02,2025-03-30 10:52
host,b4253.betzy.sigma2.no,down,2025-08-14 06:50,2025-08-15 00:05
host,b4254.betzy.sigma2.no,down,2025-01-13 05:38,2025-01-15 08:45
host,b4254.betzy.sigma2.no,down,2025-03-22 00:04,2025-03-22 08:23
host,b4254.betzy.sigma2.no,down,2025-03-29 00:08,2025-03-29 07:00
host,b4254.betzy.sigma2.no,down,2025-03-30 00:02,2025-03-30 10:53
host,b4254.betzy.sigma2.no,down,2025-08-14 06:47,2025-08-15 00:05
host,b4255.betzy.sigma2.no,down,2025-01-13 05:41,2025-01-15 10:41
host,b4255.betzy.sigma2.no,down,2025-03-22 00:04,2025-03-22 08:23
host,b4255.betzy.sigma2.no,down,2025-03-29 00:04,2025-03-29 06:56
host,b4255.betzy.sigma2.no,down,2025-03-30 00:04,2025-03-30 10:52
host,b4255.betzy.sigma2.no,down,2025-08-14 06:49,2025-08-15 00:04
host,b4256.betzy.sigma2.no,down,2025-01-13 05:39,2025-01-15 10:07
host,b4256.betzy.sigma2.no,down,2025-03-22 00:05,2025-03-22 08:19
host,b4256.betzy.sigma2.no,down,2025-03-29 00:05,2025-03-29 06:58
host,b4256.betzy.sigma2.no,down,2025-03-30 00:04,2025-03-30 10:52
host,b4256.betzy.sigma2.no,down,2025-04-08 07:29,2025-04-08 18:58
host,b4256.betzy.sigma2.no,down,2025-08-14 06:46,2025-08-15 00:02
host,b4257.betzy.sigma2.no,down,2025-01-13 05:41,2025-01-15 10:08
host,b4257.betzy.sigma2.no,down,2025-03-22 00:05,2025-03-22 08:19
host,b4257.betzy.sigma2.no,down,2025-03-29 00:08,2025-03-29 06:34
host,b4257.betzy.sigma2.no,down,2025-03-30 00:05,2025-03-30 10:50
host,b4257.betzy.sigma2.no,down,2025-08-14 06:47,2025-08-15 00:03
host,b4258.betzy.sigma2.no,down,2025-01-13 05:43,2025-01-15 08:12
host,b4258.betzy.sigma2.no,down,2025-03-22 00:08,2025-03-22 08:21
host,b4258.betzy.sigma2.no,down,2025-03-29 00:06,2025-03-29 06:58
host,b4258.betzy.sigma2.no,down,2025-03-30 00:04,2025-03-30 10:53
host,b4258.betzy.sigma2.no,down,2025-08-14 06:46,2025-08-15 00:04
host,b4259.betzy.sigma2.no,down,2025-01-13 05:42,2025-01-15 08:14
host,b4259.betzy.sigma2.no,down,2025-03-22 00:05,2025-03-22 08:19
host,b4259.betzy.sigma2.no,down,2025-03-29 00:08,2025-03-29 06:34
host,b4259.betzy.sigma2.no,down,2025-03-30 00:03,2025-03-30 10:52
host,b4259.betzy.sigma2.no,down,2025-08-14 06:50,2025-08-15 00:05
host,b4260.betzy.sigma2.no,down,2025-01-13 05:40,2025-01-15 08:14
host,b4260.betzy.sigma2.no,down,2025-03-22 00:08,2025-03-22 08:21
host,b4260.betzy.sigma2.no,down,2025-03-29 00:04,2025-03-29 06:56
host,b4260.betzy.sigma2.no,down,2025-03-30 00:04,2025-03-30 10:52
host,b4260.betzy.sigma2.no,down,2025-08-14 06:51,2025-08-15 00:02
host,b4261.betzy.sigma2.no,down,2025-01-13 05:39,2025-01-15 08:12
host,b4261.betzy.sigma2.no,down,2025-02-19 06:38,2025-02-20 11:54
host,b4261.betzy.sigma2.no,down,2025-03-22 00:07,2025-03-22 08:20
host,b4261.betzy.sigma2.no,down,2025-03-29 00:04,2025-03-29 06:57
host,b4261.betzy.sigma2.no,down,2025-03-30 00:06,2025-03-30 10:51
host,b4261.betzy.sigma2.no,down,2025-08-14 06:49,2025-08-15 00:04
host,b4262.betzy.sigma2.no,down,2025-01-13 05:44,2025-01-15 08:11
host,b4262.betzy.sigma2.no,down,2025-02-19 06:40,2025-02-20 11:54
host,b4262.betzy.sigma2.no,down,2025-03-22 00:04,2025-03-22 08:23
host,b4262.betzy.sigma2.no,down,2025-03-29 00:04,2025-03-29 06:56
host,b4262.betzy.sigma2.no,down,2025-03-30 00:04,2025-03-30 10:52
host,b4262.betzy.sigma2.no,down,2025-08-14 06:47,2025-08-15 00:04
host,b4263.betzy.sigma2.no,down,2025-01-13 05:43,2025-01-15 08:13
host,b4263.betzy.sigma2.no,down,2025-02-04 14:42,2025-02-20 10:35
host,b4263.betzy.sigma2.no,down,2025-02-27 12:06,2025-03-13 15:59
host,b4263.betzy.sigma2.no,down,2025-03-22 00:05,2025-03-22 08:19
host,b4263.betzy.sigma2.no,down,2025-03-29 00:04,2025-03-29 06:56
host,b4263.betzy.sigma2.no,down,2025-03-30 00:02,2025-03-30 10:53
host,b4263.betzy.sigma2.no,down,2025-08-14 06:50,2025-08-15 00:05
host,b4264.betzy.sigma2.no,down,2025-01-13 05:40,2025-01-15 08:11
host,b4264.betzy.sigma2.no,down,2025-03-22 00:08,2025-03-22 08:21
host,b4264.betzy.sigma2.no,down,2025-03-29 00:05,2025-03-29 06:57
host,b4264.betzy.sigma2.no,down,2025-03-30 00:02,2025-03-30 10:53
host,b4264.betzy.sigma2.no,down,2025-08-14 06:48,2025-08-15 00:03
host,b4265.betzy.sigma2.no,down,2025-01-13 05:39,2025-01-15 08:09
host,b4265.betzy.sigma2.no,down,2025-03-22 00:05,2025-03-22 08:19
host,b4265.betzy.sigma2.no,down,2025-03-29 00:05,2025-03-29 06:57
host,b4265.betzy.sigma2.no,down,2025-03-30 00:05,2025-03-30 10:52
host,b4265.betzy.sigma2.no,down,2025-08-14 06:47,2025-08-15 00:00
host,b4266.betzy.sigma2.no,down,2025-01-13 05:39,2025-01-15 08:09
host,b4266.betzy.sigma2.no,down,2025-03-22 00:11,2025-03-22 08:24
host,b4266.betzy.sigma2.no,down,2025-03-29 00:08,2025-03-29 07:00
host,b4266.betzy.sigma2.no,down,2025-03-30 00:02,2025-03-30 10:53
host,b4266.betzy.sigma2.no,down,2025-04-08 07:34,2025-04-08 18:59
host,b4266.betzy.sigma2.no,down,2025-08-14 06:50,2025-08-15 00:05
host,b4267.betzy.sigma2.no,down,2025-01-13 05:41,2025-01-15 08:10
host,b4267.betzy.sigma2.no,down,2025-03-22 00:08,2025-03-22 08:22
host,b4267.betzy.sigma2.no,down,2025-03-29 00:02,2025-03-29 06:56
host,b4267.betzy.sigma2.no,down,2025-03-30 00:05,2025-03-30 10:52
host,b4267.betzy.sigma2.no,down,2025-08-14 06:51,2025-08-15 00:04
host,b4268.betzy.sigma2.no,down,2025-01-13 05:44,2025-01-15 08:14
host,b4268.betzy.sigma2.no,down,2025-03-22 00:05,2025-03-22 08:19
host,b4268.betzy.sigma2.no,down,2025-03-29 00:05,2025-03-29 06:58
host,b4268.betzy.sigma2.no,down,2025-03-30 00:05,2025-03-30 10:52
host,b4268.betzy.sigma2.no,down,2025-08-14 06:50,2025-08-15 00:01
host,b4269.betzy.sigma2.no,down,2025-01-13 05:39,2025-01-15 08:13
host,b4269.betzy.sigma2.no,down,2025-03-22 00:09,2025-03-22 08:22
host,b4269.betzy.sigma2.no,down,2025-03-29 00:04,2025-03-29 06:57
host,b4269.betzy.sigma2.no,down,2025-03-30 00:05,2025-03-30 10:54
host,b4269.betzy.sigma2.no,down,2025-08-14 06:49,2025-08-15 00:00
host,b4270.betzy.sigma2.no,down,2025-01-13 05:39,2025-01-15 08:12
host,b4270.betzy.sigma2.no,down,2025-03-22 00:06,2025-03-22 08:19
host,b4270.betzy.sigma2.no,down,2025-03-29 00:08,2025-03-29 06:34
host,b4270.betzy.sigma2.no,down,2025-03-30 00:04,2025-03-30 10:54
host,b4270.betzy.sigma2.no,down,2025-08-14 06:50,2025-08-15 00:00
host,b4271.betzy.sigma2.no,down,2025-01-13 05:41,2025-01-15 08:09
host,b4271.betzy.sigma2.no,down,2025-03-22 00:11,2025-03-22 08:24
host,b4271.betzy.sigma2.no,down,2025-03-29 00:05,2025-03-29 06:57
host,b4271.betzy.sigma2.no,down,2025-03-30 00:04,2025-03-30 10:53
host,b4271.betzy.sigma2.no,down,2025-08-14 06:50,2025-08-15 00:00
host,b4272.betzy.sigma2.no,down,2025-01-13 05:39,2025-01-15 08:09
host,b4272.betzy.sigma2.no,down,2025-03-22 00:11,2025-03-22 08:24
host,b4272.betzy.sigma2.no,down,2025-03-29 00:05,2025-03-29 06:57
host,b4272.betzy.sigma2.no,down,2025-03-30 00:06,2025-03-30 10:52
host,b4272.betzy.sigma2.no,down,2025-08-14 06:47,2025-08-15 00:00
host,b4273.betzy.sigma2.no,down,2025-01-13 05:39,2025-01-15 08:09
host,b4273.betzy.sigma2.no,down,2025-03-22 00:11,2025-03-22 08:24
host,b4273.betzy.sigma2.no,down,2025-03-29 00:05,2025-03-29 06:57
host,b4273.betzy.sigma2.no,down,2025-03-30 00:04,2025-03-30 10:53
host,b4273.betzy.sigma2.no,down,2025-08-14 06:51,2025-08-15 00:00
host,b4274.betzy.sigma2.no,down,2025-01-13 05:43,2025-01-15 08:09
host,b4274.betzy.sigma2.no,down,2025-03-22 00:05,2025-03-22 08:19
host,b4274.betzy.sigma2.no,down,2025-03-29 00:04,2025-03-29 06:57
host,b4274.betzy.sigma2.no,down,2025-03-30 00:06,2025-03-30 10:52
host,b4274.betzy.sigma2.no,down,2025-08-14 06:50,2025-08-15 00:05
host,b4275.betzy.sigma2.no,down,2025-01-13 05:41,2025-01-15 08:13
host,b4275.betzy.sigma2.no,down,2025-03-22 00:04,2025-03-22 08:23
host,b4275.betzy.sigma2.no,down,2025-03-29 00:05,2025-03-29 06:57
host,b4275.betzy.sigma2.no,down,2025-03-30 00:05,2025-03-30 10:52
host,b4275.betzy.sigma2.no,down,2025-08-14 06:48,2025-08-15 00:05
host,b4276.betzy.sigma2.no,down,2025-01-13 05:39,2025-01-15 08:12
host,b4276.betzy.sigma2.no,down,2025-03-22 00:11,2025-03-22 08:24
host,b4276.betzy.sigma2.no,down,2025-03-29 00:04,2025-03-29 06:56
host,b4276.betzy.sigma2.no,down,2025-03-30 00:06,2025-03-30 10:50
host,b4276.betzy.sigma2.no,down,2025-04-08 07:31,2025-04-08 18:59
host,b4276.betzy.sigma2.no,down,2025-08-14 06:47,2025-08-15 00:05
host,b4277.betzy.sigma2.no,down,2025-01-13 05:44,2025-01-15 08:11
host,b4277.betzy.sigma2.no,down,2025-03-22 00:06,2025-03-22 08:19
host,b4277.betzy.sigma2.no,down,2025-03-29 00:02,2025-03-29 06:56
host,b4277.betzy.sigma2.no,down,2025-03-30 00:04,2025-03-30 10:52
host,b4277.betzy.sigma2.no,down,2025-08-14 06:49,2025-08-15 00:03
host,b4278.betzy.sigma2.no,down,2025-01-13 05:43,2025-01-15 08:09
host,b4278.betzy.sigma2.no,down,2025-03-22 00:06,2025-03-22 08:19
host,b4278.betzy.sigma2.no,down,2025-03-29 00:06,2025-03-29 06:58
host,b4278.betzy.sigma2.no,down,2025-03-30 00:07,2025-03-30 10:52
host,b4278.betzy.sigma2.no,down,2025-08-14 06:47,2025-08-15 00:05
host,b4279.betzy.sigma2.no,down,2025-01-13 05:42,2025-01-15 08:10
host,b4279.betzy.sigma2.no,down,2025-03-22 00:05,2025-03-22 08:19
host,b4279.betzy.sigma2.no,down,2025-03-29 00:08,2025-03-29 06:33
host,b4279.betzy.sigma2.no,down,2025-03-30 00:06,2025-03-30 10:51
host,b4279.betzy.sigma2.no,down,2025-08-14 06:50,2025-08-15 00:04
host,b4280.betzy.sigma2.no,down,2025-01-13 05:42,2025-01-15 08:10
host,b4280.betzy.sigma2.no,down,2025-03-22 00:08,2025-03-22 08:21
host,b4280.betzy.sigma2.no,down,2025-03-29 00:03,2025-03-29 06:56
host,b4280.betzy.sigma2.no,down,2025-03-30 00:04,2025-03-30 10:53
host,b4280.betzy.sigma2.no,down,2025-08-14 06:51,2025-08-15 00:05
host,b4281.betzy.sigma2.no,down,2025-01-13 05:38,2025-01-15 08:14
host,b4281.betzy.sigma2.no,down,2025-03-22 00:09,2025-03-22 08:22
host,b4281.betzy.sigma2.no,down,2025-03-29 00:05,2025-03-29 06:57
host,b4281.betzy.sigma2.no,down,2025-03-30 00:02,2025-03-30 10:54
host,b4281.betzy.sigma2.no,down,2025-08-14 06:51,2025-08-15 00:04
host,b4282.betzy.sigma2.no,down,2025-01-13 05:42,2025-01-15 08:09
host,b4282.betzy.sigma2.no,down,2025-03-22 00:08,2025-03-22 08:21
host,b4282.betzy.sigma2.no,down,2025-03-29 00:05,2025-03-29 06:57
host,b4282.betzy.sigma2.no,down,2025-03-30 00:03,2025-03-30 10:54
host,b4282.betzy.sigma2.no,down,2025-08-14 06:50,2025-08-15 00:05
host,b4283.betzy.sigma2.no,down,2025-01-13 05:40,2025-01-15 08:09
host,b4283.betzy.sigma2.no,down,2025-03-22 00:06,2025-03-22 08:19
host,b4283.betzy.sigma2.no,down,2025-03-29 00:05,2025-03-29 06:57
host,b4283.betzy.sigma2.no,down,2025-03-30 00:04,2025-03-30 10:53
host,b4283.betzy.sigma2.no,down,2025-08-14 06:46,2025-08-15 00:00
host,b4284.betzy.sigma2.no,down,2025-01-13 05:40,2025-01-15 08:10
host,b4284.betzy.sigma2.no,down,2025-03-22 00:05,2025-03-22 08:24
host,b4284.betzy.sigma2.no,down,2025-03-29 00:05,2025-03-29 06:56
host,b4284.betzy.sigma2.no,down,2025-03-30 00:06,2025-03-30 10:52
host,b4284.betzy.sigma2.no,down,2025-08-14 06:50,2025-08-15 00:01
host,b4285.betzy.sigma2.no,down,2025-01-13 05:44,2025-01-15 08:09
host,b4285.betzy.sigma2.no,down,2025-03-22 00:05,2025-03-22 08:24
host,b4285.betzy.sigma2.no,down,2025-03-29 00:05,2025-03-29 06:57
host,b4285.betzy.sigma2.no,down,2025-03-30 00:03,2025-03-30 10:53
host,b4285.betzy.sigma2.no,down,2025-08-14 06:51,2025-08-15 00:02
host,b4286.betzy.sigma2.no,down,2025-01-13 05:43,2025-01-15 08:12
host,b4286.betzy.sigma2.no,down,2025-03-22 00:05,2025-03-22 08:19
host,b4286.betzy.sigma2.no,down,2025-03-29 00:08,2025-03-29 06:33
host,b4286.betzy.sigma2.no,down,2025-03-30 00:02,2025-03-30 10:53
host,b4286.betzy.sigma2.no,down,2025-04-08 07:33,2025-04-08 18:59
host,b4286.betzy.sigma2.no,down,2025-08-14 06:50,2025-08-15 00:05
host,b4287.betzy.sigma2.no,down,2025-01-13 05:39,2025-01-15 08:09
host,b4287.betzy.sigma2.no,down,2025-03-22 00:11,2025-03-22 08:24
host,b4287.betzy.sigma2.no,down,2025-03-29 00:05,2025-03-29 06:57
host,b4287.betzy.sigma2.no,down,2025-03-30 00:03,2025-03-30 10:52
host,b4287.betzy.sigma2.no,down,2025-08-14 06:47,2025-08-15 00:05
host,b4288.betzy.sigma2.no,down,2025-01-13 05:42,2025-01-15 08:10
host,b4288.betzy.sigma2.no,down,2025-03-22 00:08,2025-03-22 08:21
host,b4288.betzy.sigma2.no,down,2025-03-29 00:05,2025-03-29 06:57
host,b4288.betzy.sigma2.no,down,2025-03-30 00:02,2025-03-30 10:53
host,b4288.betzy.sigma2.no,down,2025-08-14 06:50,2025-08-15 00:02
host,b4289.betzy.sigma2.no,down,2025-01-13 05:43,2025-01-15 08:09
host,b4289.betzy.sigma2.no,down,2025-03-22 00:08,2025-03-22 08:21
host,b4289.betzy.sigma2.no,down,2025-03-29 00:05,2025-03-29 06:57
host,b4289.betzy.sigma2.no,down,2025-03-30 00:02,2025-03-30 10:53
host,b4289.betzy.sigma2.no,down,2025-08-14 06:47,2025-08-15 00:04
host,b4290.betzy.sigma2.no,down,2025-01-13 05:39,2025-01-15 08:13
host,b4290.betzy.sigma2.no,down,2025-03-22 00:08,2025-03-22 08:21
host,b4290.betzy.sigma2.no,down,2025-03-29 00:08,2025-03-29 07:00
host,b4290.betzy.sigma2.no,down,2025-03-30 00:05,2025-03-30 10:53
host,b4290.betzy.sigma2.no,down,2025-08-14 06:47,2025-08-15 00:05
host,b4291.betzy.sigma2.no,down,2025-01-13 05:39,2025-01-15 08:12
host,b4291.betzy.sigma2.no,down,2025-03-22 00:05,2025-03-22 08:19
host,b4291.betzy.sigma2.no,down,2025-03-29 00:05,2025-03-29 06:58
host,b4291.betzy.sigma2.no,down,2025-03-30 00:03,2025-03-30 10:53
host,b4291.betzy.sigma2.no,down,2025-07-08 05:26,2025-07-08 14:55
host,b4291.betzy.sigma2.no,down,2025-08-14 06:50,2025-08-15 00:05
host,b4292.betzy.sigma2.no,down,2025-01-13 05:40,2025-01-15 08:10
host,b4292.betzy.sigma2.no,down,2025-03-22 00:10,2025-03-22 08:23
host,b4292.betzy.sigma2.no,down,2025-03-29 00:04,2025-03-29 06:56
host,b4292.betzy.sigma2.no,down,2025-03-30 00:04,2025-03-30 10:53
host,b4292.betzy.sigma2.no,down,2025-07-08 05:26,2025-07-08 14:15
host,b4292.betzy.sigma2.no,down,2025-08-14 06:50,2025-08-15 00:02
host,b4293.betzy.sigma2.no,down,2025-01-13 05:41,2025-01-15 08:09
host,b4293.betzy.sigma2.no,down,2025-03-22 00:04,2025-03-22 08:22
host,b4293.betzy.sigma2.no,down,2025-03-29 00:04,2025-03-29 06:56
host,b4293.betzy.sigma2.no,down,2025-03-30 00:04,2025-03-30 10:53
host,b4293.betzy.sigma2.no,down,2025-07-08 05:26,2025-07-08 14:16
host,b4293.betzy.sigma2.no,down,2025-08-14 06:49,2025-08-15 00:04
host,b4294.betzy.sigma2.no,down,2025-01-01 00:00,2025-01-16 12:23
host,b4294.betzy.sigma2.no,down,2025-02-03 15:24,2025-07-08 15:40
host,b4294.betzy.sigma2.no,down,2025-08-14 06:47,2025-08-15 00:02
host,b4295.betzy.sigma2.no,down,2025-01-13 05:43,2025-01-15 10:07
host,b4295.betzy.sigma2.no,down,2025-03-22 00:08,2025-03-22 08:22
host,b4295.betzy.sigma2.no,down,2025-03-29 00:03,2025-03-29 06:56
host,b4295.betzy.sigma2.no,down,2025-03-30 00:04,2025-03-30 10:53
host,b4295.betzy.sigma2.no,down,2025-07-08 05:25,2025-07-08 15:38
host,b4295.betzy.sigma2.no,down,2025-08-14 06:50,2025-08-15 00:05
host,b4296.betzy.sigma2.no,down,2025-01-13 05:39,2025-01-15 10:08
host,b4296.betzy.sigma2.no,down,2025-03-22 00:04,2025-03-22 08:23
host,b4296.betzy.sigma2.no,down,2025-03-29 00:05,2025-03-29 06:56
host,b4296.betzy.sigma2.no,down,2025-03-30 00:04,2025-03-30 10:53
host,b4296.betzy.sigma2.no,down,2025-04-08 07:30,2025-04-08 18:59
host,b4296.betzy.sigma2.no,down,2025-07-08 05:25,2025-07-08 15:38
host,b4296.betzy.sigma2.no,down,2025-08-14 06:46,2025-08-15 00:02
host,b4301.betzy.sigma2.no,down,2025-01-13 05:39,2025-02-19 10:34
host,b4301.betzy.sigma2.no,down,2025-03-22 00:11,2025-03-22 08:24
host,b4301.betzy.sigma2.no,down,2025-03-29 00:06,2025-03-29 06:58
host,b4301.betzy.sigma2.no,down,2025-03-30 00:04,2025-03-30 10:53
host,b4301.betzy.sigma2.no,down,2025-08-14 06:46,2025-08-15 00:05
host,b4302.betzy.sigma2.no,down,2025-01-13 05:39,2025-02-19 10:34
host,b4302.betzy.sigma2.no,down,2025-03-22 00:07,2025-03-22 08:21
host,b4302.betzy.sigma2.no,down,2025-03-29 00:06,2025-03-29 06:59
host,b4302.betzy.sigma2.no,down,2025-03-30 00:05,2025-03-30 10:51
host,b4302.betzy.sigma2.no,down,2025-08-14 06:50,2025-08-15 00:02
host,b4303.betzy.sigma2.no,down,2025-01-13 05:39,2025-02-19 10:34
host,b4303.betzy.sigma2.no,down,2025-03-22 00:04,2025-03-22 08:23
host,b4303.betzy.sigma2.no,down,2025-03-29 00:06,2025-03-29 06:58
host,b4303.betzy.sigma2.no,down,2025-03-30 00:05,2025-03-30 10:52
host,b4303.betzy.sigma2.no,down,2025-08-14 06:46,2025-08-15 00:04
host,b4304.betzy.sigma2.no,down,2025-01-13 05:39,2025-01-15 08:09
host,b4304.betzy.sigma2.no,down,2025-03-22 00:09,2025-03-22 08:22
host,b4304.betzy.sigma2.no,down,2025-03-29 00:04,2025-03-29 06:56
host,b4304.betzy.sigma2.no,down,2025-03-30 00:03,2025-03-30 10:52
host,b4304.betzy.sigma2.no,down,2025-08-14 06:48,2025-08-15 00:00
host,b4305.betzy.sigma2.no,down,2025-01-13 05:40,2025-01-15 08:13
host,b4305.betzy.sigma2.no,down,2025-03-22 00:08,2025-03-22 08:22
host,b4305.betzy.sigma2.no,down,2025-03-29 00:08,2025-03-29 06:33
host,b4305.betzy.sigma2.no,down,2025-03-30 00:05,2025-03-30 10:52
host,b4305.betzy.sigma2.no,down,2025-08-14 06:47,2025-08-15 00:02
host,b4306.betzy.sigma2.no,down,2025-01-13 05:37,2025-01-15 08:12
host,b4306.betzy.sigma2.no,down,2025-03-22 00:07,2025-03-22 08:21
host,b4306.betzy.sigma2.no,down,2025-03-29 00:06,2025-03-29 06:59
host,b4306.betzy.sigma2.no,down,2025-03-30 00:03,2025-03-30 10:53
host,b4306.betzy.sigma2.no,down,2025-04-09 09:41,2025-04-09 23:52
host,b4306.betzy.sigma2.no,down,2025-08-14 06:50,2025-08-15 00:02
host,b4307.betzy.sigma2.no,down,2025-01-13 05:40,2025-01-15 08:12
host,b4307.betzy.sigma2.no,down,2025-03-22 00:08,2025-03-22 08:21
host,b4307.betzy.sigma2.no,down,2025-03-29 00:05,2025-03-29 06:57
host,b4307.betzy.sigma2.no,down,2025-03-30 00:04,2025-03-30 10:52
host,b4307.betzy.sigma2.no,down,2025-08-14 06:46,2025-08-15 00:05
host,b4308.betzy.sigma2.no,down,2025-01-13 05:39,2025-01-15 08:14
host,b4308.betzy.sigma2.no,down,2025-03-22 00:04,2025-03-22 08:23
host,b4308.betzy.sigma2.no,down,2025-03-29 00:08,2025-03-29 06:33
host,b4308.betzy.sigma2.no,down,2025-03-30 00:06,2025-03-30 10:50
host,b4308.betzy.sigma2.no,down,2025-08-14 06:50,2025-08-15 00:00
host,b4309.betzy.sigma2.no,down,2025-01-13 05:40,2025-01-15 08:10
host,b4309.betzy.sigma2.no,down,2025-03-22 00:09,2025-03-22 08:22
host,b4309.betzy.sigma2.no,down,2025-03-29 00:04,2025-03-29 06:56
host,b4309.betzy.sigma2.no,down,2025-03-30 00:04,2025-03-30 10:53
host,b4309.betzy.sigma2.no,down,2025-08-14 06:49,2025-08-15 00:04
host,b4310.betzy.sigma2.no,down,2025-01-13 05:38,2025-01-15 08:09
host,b4310.betzy.sigma2.no,down,2025-03-22 00:09,2025-03-22 08:23
host,b4310.betzy.sigma2.no,down,2025-03-29 00:03,2025-03-29 06:56
host,b4310.betzy.sigma2.no,down,2025-03-30 00:04,2025-03-30 10:52
host,b4310.betzy.sigma2.no,down,2025-08-14 06:50,2025-08-15 00:02
host,b4311.betzy.sigma2.no,down,2025-01-13 05:39,2025-01-15 08:14
host,b4311.betzy.sigma2.no,down,2025-03-22 00:09,2025-03-22 08:22
host,b4311.betzy.sigma2.no,down,2025-03-29 00:07,2025-03-29 06:59
host,b4311.betzy.sigma2.no,down,2025-03-30 00:04,2025-03-30 10:53
host,b4311.betzy.sigma2.no,down,2025-08-14 06:51,2025-08-15 00:03
host,b4312.betzy.sigma2.no,down,2025-01-13 05:39,2025-01-15 08:09
host,b4312.betzy.sigma2.no,down,2025-03-22 00:08,2025-03-22 08:21
host,b4312.betzy.sigma2.no,down,2025-03-29 00:06,2025-03-29 06:58
host,b4312.betzy.sigma2.no,down,2025-03-30 00:03,2025-03-30 10:54
host,b4312.betzy.sigma2.no,down,2025-08-14 06:47,2025-08-15 00:05
host,b4313.betzy.sigma2.no,down,2025-01-13 05:39,2025-01-15 08:09
host,b4313.betzy.sigma2.no,down,2025-03-22 00:11,2025-03-22 08:24
host,b4313.betzy.sigma2.no,down,2025-03-29 00:06,2025-03-29 06:57
host,b4313.betzy.sigma2.no,down,2025-03-30 00:03,2025-03-30 10:52
host,b4313.betzy.sigma2.no,down,2025-08-14 06:47,2025-08-15 00:05
host,b4314.betzy.sigma2.no,down,2025-01-13 05:36,2025-01-15 08:09
host,b4314.betzy.sigma2.no,down,2025-03-22 00:05,2025-03-22 08:19
host,b4314.betzy.sigma2.no,down,2025-03-29 00:03,2025-03-29 06:56
host,b4314.betzy.sigma2.no,down,2025-03-30 00:04,2025-03-30 10:53
host,b4314.betzy.sigma2.no,down,2025-08-14 06:46,2025-08-15 00:05
host,b4315.betzy.sigma2.no,down,2025-01-13 05:39,2025-01-15 08:14
host,b4315.betzy.sigma2.no,down,2025-03-22 00:08,2025-03-22 08:21
host,b4315.betzy.sigma2.no,down,2025-03-29 00:05,2025-03-29 06:56
host,b4315.betzy.sigma2.no,down,2025-03-30 00:04,2025-03-30 10:52
host,b4315.betzy.sigma2.no,down,2025-08-14 06:47,2025-08-15 00:05
host,b4316.betzy.sigma2.no,down,2025-01-13 05:37,2025-01-15 08:09
host,b4316.betzy.sigma2.no,down,2025-03-22 00:06,2025-03-22 08:19
host,b4316.betzy.sigma2.no,down,2025-03-29 00:03,2025-03-29 06:56
host,b4316.betzy.sigma2.no,down,2025-03-30 00:04,2025-03-30 10:53
host,b4316.betzy.sigma2.no,down,2025-04-09 09:42,2025-04-09 23:52
host,b4316.betzy.sigma2.no,down,2025-08-14 06:50,2025-08-15 00:05
host,b4317.betzy.sigma2.no,down,2025-01-13 05:39,2025-01-15 08:15
host,b4317.betzy.sigma2.no,down,2025-03-22 00:05,2025-03-22 08:19
host,b4317.betzy.sigma2.no,down,2025-03-29 00:05,2025-03-29 06:56
host,b4317.betzy.sigma2.no,down,2025-03-30 00:03,2025-03-30 10:52
host,b4317.betzy.sigma2.no,down,2025-08-14 06:46,2025-08-15 00:04
host,b4318.betzy.sigma2.no,down,2025-01-13 05:38,2025-01-15 08:09
host,b4318.betzy.sigma2.no,down,2025-03-22 00:10,2025-03-22 08:23
host,b4318.betzy.sigma2.no,down,2025-03-29 00:08,2025-03-29 06:33
host,b4318.betzy.sigma2.no,down,2025-03-30 00:04,2025-03-30 10:53
host,b4318.betzy.sigma2.no,down,2025-08-14 06:50,2025-08-15 00:02
host,b4319.betzy.sigma2.no,down,2025-01-13 05:40,2025-01-15 08:09
host,b4319.betzy.sigma2.no,down,2025-03-22 00:11,2025-03-22 08:24
host,b4319.betzy.sigma2.no,down,2025-03-29 00:05,2025-03-29 06:56
host,b4319.betzy.sigma2.no,down,2025-03-30 00:03,2025-03-30 10:52
host,b4319.betzy.sigma2.no,down,2025-08-14 06:48,2025-08-15 00:05
host,b4320.betzy.sigma2.no,down,2025-01-13 05:39,2025-01-15 08:09
host,b4320.betzy.sigma2.no,down,2025-03-22 00:08,2025-03-22 08:22
host,b4320.betzy.sigma2.no,down,2025-03-29 00:06,2025-03-29 06:59
host,b4320.betzy.sigma2.no,down,2025-03-30 00:04,2025-03-30 10:53
host,b4320.betzy.sigma2.no,down,2025-08-14 06:50,2025-08-15 00:05
host,b4321.betzy.sigma2.no,down,2025-01-13 05:38,2025-01-15 08:09
host,b4321.betzy.sigma2.no,down,2025-03-22 00:08,2025-03-22 08:22
host,b4321.betzy.sigma2.no,down,2025-03-29 00:05,2025-03-29 06:57
host,b4321.betzy.sigma2.no,down,2025-03-30 00:06,2025-03-30 10:50
host,b4321.betzy.sigma2.no,down,2025-08-14 06:50,2025-08-15 00:02
host,b4322.betzy.sigma2.no,down,2025-01-01 00:00,2025-01-15 10:12
host,b4322.betzy.sigma2.no,down,2025-03-22 00:10,2025-03-22 08:23
host,b4322.betzy.sigma2.no,down,2025-03-29 00:04,2025-03-29 06:56
host,b4322.betzy.sigma2.no,down,2025-03-30 00:05,2025-03-30 10:52
host,b4322.betzy.sigma2.no,down,2025-08-14 06:46,2025-08-15 00:04
host,b4323.betzy.sigma2.no,down,2025-01-13 05:38,2025-01-15 10:07
host,b4323.betzy.sigma2.no,down,2025-03-22 00:07,2025-03-22 08:20
host,b4323.betzy.sigma2.no,down,2025-03-29 00:03,2025-03-29 06:56
host,b4323.betzy.sigma2.no,down,2025-03-30 00:05,2025-03-30 10:52
host,b4323.betzy.sigma2.no,down,2025-08-14 06:47,2025-08-15 00:05
host,b4324.betzy.sigma2.no,down,2025-01-13 05:37,2025-01-15 10:07
host,b4324.betzy.sigma2.no,down,2025-03-22 00:11,2025-03-22 08:24
host,b4324.betzy.sigma2.no,down,2025-03-29 00:05,2025-03-29 06:56
host,b4324.betzy.sigma2.no,down,2025-03-30 00:03,2025-03-30 10:53
host,b4324.betzy.sigma2.no,down,2025-08-14 06:47,2025-08-15 00:05
host,b4325.betzy.sigma2.no,down,2025-01-01 00:00,2025-01-16 10:43
host,b4325.betzy.sigma2.no,down,2025-02-03 15:24,2025-02-20 11:54
host,b4325.betzy.sigma2.no,down,2025-03-22 00:04,2025-03-22 08:23
host,b4325.betzy.sigma2.no,down,2025-03-29 00:04,2025-03-29 06:56
host,b4325.betzy.sigma2.no,down,2025-03-30 00:04,2025-03-30 10:53
host,b4325.betzy.sigma2.no,down,2025-04-08 13:07,2025-06-03 08:43
host,b4325.betzy.sigma2.no,down,2025-07-08 05:25,2025-07-10 09:36
host,b4325.betzy.sigma2.no,down,2025-08-14 06:46,2025-08-15 00:04
host,b4326.betzy.sigma2.no,down,2025-01-13 05:38,2025-01-15 10:08
host,b4326.betzy.sigma2.no,down,2025-02-19 06:38,2025-02-20 11:54
host,b4326.betzy.sigma2.no,down,2025-03-22 00:04,2025-03-22 08:23
host,b4326.betzy.sigma2.no,down,2025-03-29 00:03,2025-03-29 06:56
host,b4326.betzy.sigma2.no,down,2025-03-30 00:04,2025-03-30 10:52
host,b4326.betzy.sigma2.no,down,2025-04-09 09:42,2025-04-09 23:52
host,b4326.betzy.sigma2.no,down,2025-07-08 05:23,2025-07-10 09:36
host,b4326.betzy.sigma2.no,down,2025-08-14 06:47,2025-08-15 00:05
host,b4327.betzy.sigma2.no,down,2025-01-13 05:36,2025-01-15 10:08
host,b4327.betzy.sigma2.no,down,2025-02-19 06:37,2025-02-20 11:54
host,b4327.betzy.sigma2.no,down,2025-03-22 00:11,2025-03-22 08:24
host,b4327.betzy.sigma2.no,down,2025-03-29 00:04,2025-03-29 06:56
host,b4327.betzy.sigma2.no,down,2025-03-30 00:04,2025-03-30 10:53
host,b4327.betzy.sigma2.no,down,2025-07-08 05:26,2025-07-10 09:36
host,b4327.betzy.sigma2.no,down,2025-08-14 06:47,2025-08-15 00:05
host,b4328.betzy.sigma2.no,down,2025-01-13 05:39,2025-01-15 08:10
host,b4328.betzy.sigma2.no,down,2025-03-22 00:08,2025-03-22 08:21
host,b4328.betzy.sigma2.no,down,2025-03-29 00:05,2025-03-29 06:56
host,b4328.betzy.sigma2.no,down,2025-03-30 00:06,2025-03-30 10:52
host,b4328.betzy.sigma2.no,down,2025-08-14 06:47,2025-08-15 00:02
host,b4329.betzy.sigma2.no,down,2025-01-13 05:39,2025-01-15 08:09
host,b4329.betzy.sigma2.no,down,2025-03-22 00:05,2025-03-22 08:19
host,b4329.betzy.sigma2.no,down,2025-03-29 00:05,2025-03-29 06:57
host,b4329.betzy.sigma2.no,down,2025-03-30 00:04,2025-03-30 10:52
host,b4329.betzy.sigma2.no,down,2025-08-14 06:50,2025-08-15 00:02
host,b4330.betzy.sigma2.no,down,2025-01-13 05:37,2025-01-15 08:10
host,b4330.betzy.sigma2.no,down,2025-03-22 00:04,2025-03-22 08:23
host,b4330.betzy.sigma2.no,down,2025-03-29 00:06,2025-03-29 06:58
host,b4330.betzy.sigma2.no,down,2025-03-30 00:06,2025-03-30 10:50
host,b4330.betzy.sigma2.no,down,2025-08-14 06:49,2025-08-15 00:02
host,b4331.betzy.sigma2.no,down,2025-01-13 05:37,2025-01-15 08:10
host,b4331.betzy.sigma2.no,down,2025-03-22 00:09,2025-03-22 08:21
host,b4331.betzy.sigma2.no,down,2025-03-29 00:06,2025-03-29 06:58
host,b4331.betzy.sigma2.no,down,2025-03-30 00:03,2025-03-30 10:53
host,b4331.betzy.sigma2.no,down,2025-04-08 13:10,2025-06-03 12:45
host,b4331.betzy.sigma2.no,down,2025-08-14 06:47,2025-08-15 00:02
host,b4332.betzy.sigma2.no,down,2025-01-13 05:41,2025-01-15 08:11
host,b4332.betzy.sigma2.no,down,2025-03-22 00:11,2025-03-22 08:24
host,b4332.betzy.sigma2.no,down,2025-03-29 00:04,2025-03-29 06:56
host,b4332.betzy.sigma2.no,down,2025-03-30 00:04,2025-03-30 10:53
host,b4332.betzy.sigma2.no,down,2025-08-14 06:50,2025-08-15 00:04
host,b4333.betzy.sigma2.no,down,2025-01-13 05:38,2025-01-15 08:10
host,b4333.betzy.sigma2.no,down,2025-03-22 00:08,2025-03-22 08:22
host,b4333.betzy.sigma2.no,down,2025-03-29 00:03,2025-03-29 06:56
host,b4333.betzy.sigma2.no,down,2025-03-30 00:04,2025-03-30 10:53
host,b4333.betzy.sigma2.no,down,2025-08-14 06:46,2025-08-15 00:05
host,b4334.betzy.sigma2.no,down,2025-01-13 05:39,2025-01-15 08:09
host,b4334.betzy.sigma2.no,down,2025-03-22 00:07,2025-03-22 08:20
host,b4334.betzy.sigma2.no,down,2025-03-29 00:02,2025-03-29 06:56
host,b4334.betzy.sigma2.no,down,2025-03-30 00:04,2025-03-30 10:53
host,b4334.betzy.sigma2.no,down,2025-08-14 06:46,2025-08-15 00:04
host,b4335.betzy.sigma2.no,down,2025-01-13 05:38,2025-01-15 08:12
host,b4335.betzy.sigma2.no,down,2025-03-22 00:05,2025-03-22 08:19
host,b4335.betzy.sigma2.no,down,2025-03-29 00:05,2025-03-29 06:57
host,b4335.betzy.sigma2.no,down,2025-03-30 00:06,2025-03-30 10:53
host,b4335.betzy.sigma2.no,down,2025-08-14 06:50,2025-08-15 00:02
host,b4336.betzy.sigma2.no,down,2025-01-13 05:39,2025-01-15 08:09
host,b4336.betzy.sigma2.no,down,2025-03-22 00:10,2025-03-22 08:24
host,b4336.betzy.sigma2.no,down,2025-03-29 00:03,2025-03-29 06:56
host,b4336.betzy.sigma2.no,down,2025-03-30 00:04,2025-03-30 10:52
host,b4336.betzy.sigma2.no,down,2025-04-09 09:44,2025-04-09 23:52
host,b4336.betzy.sigma2.no,down,2025-08-14 06:50,2025-08-15 00:05
host,b4337.betzy.sigma2.no,down,2025-01-13 05:39,2025-01-15 08:14
host,b4337.betzy.sigma2.no,down,2025-03-22 00:08,2025-03-22 08:22
host,b4337.betzy.sigma2.no,down,2025-03-29 00:05,2025-03-29 06:56
host,b4337.betzy.sigma2.no,down,2025-03-30 00:04,2025-03-30 10:52
host,b4337.betzy.sigma2.no,down,2025-07-08 05:26,2025-07-10 11:11
host,b4337.betzy.sigma2.no,down,2025-08-14 06:47,2025-08-15 00:02
host,b4338.betzy.sigma2.no,down,2025-01-13 05:35,2025-01-15 08:14
host,b4338.betzy.sigma2.no,down,2025-03-22 00:06,2025-03-22 08:19
host,b4338.betzy.sigma2.no,down,2025-03-29 00:06,2025-03-29 06:58
host,b4338.betzy.sigma2.no,down,2025-03-30 00:06,2025-03-30 10:51
host,b4338.betzy.sigma2.no,down,2025-07-08 05:25,2025-07-10 11:11
host,b4338.betzy.sigma2.no,down,2025-08-14 06:47,2025-08-15 00:05
host,b4339.betzy.sigma2.no,down,2025-01-13 05:39,2025-01-15 08:13
host,b4339.betzy.sigma2.no,down,2025-03-22 00:11,2025-03-22 08:24
host,b4339.betzy.sigma2.no,down,2025-03-29 00:06,2025-03-29 06:58
host,b4339.betzy.sigma2.no,down,2025-03-30 00:06,2025-03-30 10:51
host,b4339.betzy.sigma2.no,down,2025-07-08 05:25,2025-07-10 11:11
host,b4339.betzy.sigma2.no,down,2025-08-14 06:50,2025-08-15 00:02
host,b4340.betzy.sigma2.no,down,2025-01-13 05:36,2025-01-15 08:09
host,b4340.betzy.sigma2.no,down,2025-03-22 00:10,2025-03-22 08:24
host,b4340.betzy.sigma2.no,down,2025-03-29 00:08,2025-03-29 06:33
host,b4340.betzy.sigma2.no,down,2025-03-30 00:02,2025-03-30 10:53
host,b4340.betzy.sigma2.no,down,2025-08-13 04:08,2025-08-13 10:59
host,b4340.betzy.sigma2.no,down,2025-08-14 06:46,2025-08-15 00:03
host,b4341.betzy.sigma2.no,down,2025-01-13 05:35,2025-01-15 08:13
host,b4341.betzy.sigma2.no,down,2025-03-22 00:10,2025-03-22 08:24
host,b4341.betzy.sigma2.no,down,2025-03-29 00:06,2025-03-29 06:58
host,b4341.betzy.sigma2.no,down,2025-03-30 00:06,2025-03-30 10:52
host,b4341.betzy.sigma2.no,down,2025-08-14 06:46,2025-08-15 00:04
host,b4342.betzy.sigma2.no,down,2025-01-13 05:36,2025-01-15 08:09
host,b4342.betzy.sigma2.no,down,2025-03-22 00:10,2025-03-22 08:24
host,b4342.betzy.sigma2.no,down,2025-03-29 00:05,2025-03-29 06:56
host,b4342.betzy.sigma2.no,down,2025-03-30 00:06,2025-03-30 10:50
host,b4342.betzy.sigma2.no,down,2025-08-14 06:47,2025-08-15 00:02
host,b4343.betzy.sigma2.no,down,2025-01-13 05:39,2025-01-15 08:09
host,b4343.betzy.sigma2.no,down,2025-03-22 00:04,2025-03-22 08:23
host,b4343.betzy.sigma2.no,down,2025-03-29 00:04,2025-03-29 06:56
host,b4343.betzy.sigma2.no,down,2025-03-30 00:06,2025-03-30 10:51
host,b4343.betzy.sigma2.no,down,2025-08-14 06:46,2025-08-15 00:04
host,b4344.betzy.sigma2.no,down,2025-01-13 05:39,2025-01-15 08:14
host,b4344.betzy.sigma2.no,down,2025-02-19 06:40,2025-02-20 16:23
host,b4344.betzy.sigma2.no,down,2025-03-22 00:10,2025-03-22 08:24
host,b4344.betzy.sigma2.no,down,2025-03-29 00:04,2025-03-29 06:56
host,b4344.betzy.sigma2.no,down,2025-03-30 00:04,2025-03-30 10:53
host,b4344.betzy.sigma2.no,down,2025-08-14 06:46,2025-08-15 00:04
host,b4345.betzy.sigma2.no,down,2025-01-13 05:39,2025-01-15 08:09
host,b4345.betzy.sigma2.no,down,2025-02-19 06:39,2025-02-20 16:23
host,b4345.betzy.sigma2.no,down,2025-03-22 00:05,2025-03-22 08:19
host,b4345.betzy.sigma2.no,down,2025-03-29 00:03,2025-03-29 06:56
host,b4345.betzy.sigma2.no,down,2025-03-30 00:04,2025-03-30 10:53
host,b4345.betzy.sigma2.no,down,2025-08-14 06:46,2025-08-15 00:04
host,b4346.betzy.sigma2.no,down,2025-01-13 05:37,2025-01-15 09:37
host,b4346.betzy.sigma2.no,down,2025-02-03 15:24,2025-02-20 16:28
host,b4346.betzy.sigma2.no,down,2025-03-22 00:08,2025-03-22 08:21
host,b4346.betzy.sigma2.no,down,2025-03-29 00:05,2025-03-29 06:57
host,b4346.betzy.sigma2.no,down,2025-03-30 00:04,2025-03-30 10:52
host,b4346.betzy.sigma2.no,down,2025-04-09 09:43,2025-04-09 23:52
host,b4346.betzy.sigma2.no,down,2025-08-14 06:50,2025-08-15 00:05
host,b4347.betzy.sigma2.no,down,2025-01-13 05:39,2025-01-15 09:37
host,b4347.betzy.sigma2.no,down,2025-02-19 13:46,2025-02-20 16:54
host,b4347.betzy.sigma2.no,down,2025-03-22 00:06,2025-03-22 08:19
host,b4347.betzy.sigma2.no,down,2025-03-29 00:03,2025-03-29 06:56
host,b4347.betzy.sigma2.no,down,2025-03-30 00:06,2025-03-30 10:50
host,b4347.betzy.sigma2.no,down,2025-08-14 06:51,2025-08-15 00:00
host,b4348.betzy.sigma2.no,down,2025-01-13 05:40,2025-01-15 09:37
host,b4348.betzy.sigma2.no,down,2025-02-19 13:48,2025-02-20 16:54
host,b4348.betzy.sigma2.no,down,2025-03-22 00:04,2025-03-22 08:23
host,b4348.betzy.sigma2.no,down,2025-03-29 00:05,2025-03-29 06:57
host,b4348.betzy.sigma2.no,down,2025-03-30 00:04,2025-03-30 10:53
host,b4348.betzy.sigma2.no,down,2025-08-14 06:51,2025-08-15 00:01
host,b4349.betzy.sigma2.no,down,2025-01-13 05:38,2025-01-15 08:14
host,b4349.betzy.sigma2.no,down,2025-03-22 00:06,2025-03-22 08:20
host,b4349.betzy.sigma2.no,down,2025-03-29 00:05,2025-03-29 06:58
host,b4349.betzy.sigma2.no,down,2025-03-30 00:05,2025-03-30 10:52
host,b4349.betzy.sigma2.no,down,2025-07-08 05:24,2025-07-10 08:27
host,b4349.betzy.sigma2.no,down,2025-08-14 06:50,2025-08-15 00:04
host,b4350.betzy.sigma2.no,down,2025-01-13 05:39,2025-01-15 08:13
host,b4350.betzy.sigma2.no,down,2025-03-22 00:09,2025-03-22 08:21
host,b4350.betzy.sigma2.no,down,2025-03-29 00:05,2025-03-29 06:57
host,b4350.betzy.sigma2.no,down,2025-03-30 00:05,2025-03-30 10:51
host,b4350.betzy.sigma2.no,down,2025-07-08 05:26,2025-07-10 08:27
host,b4350.betzy.sigma2.no,down,2025-08-14 06:46,2025-08-15 00:04
host,b4351.betzy.sigma2.no,down,2025-01-13 05:39,2025-01-15 08:11
host,b4351.betzy.sigma2.no,down,2025-02-28 12:48,2025-03-04 15:59
host,b4351.betzy.sigma2.no,down,2025-03-04 22:17,2025-06-03 13:46
host,b4351.betzy.sigma2.no,down,2025-06-03 20:56,2025-06-19 13:56
host,b4351.betzy.sigma2.no,down,2025-06-20 11:26,2025-07-10 08:28
host,b4351.betzy.sigma2.no,down,2025-08-14 06:47,2025-08-15 00:05
host,b4352.betzy.sigma2.no,down,2025-01-13 05:39,2025-01-15 08:13
host,b4352.betzy.sigma2.no,down,2025-03-22 00:09,2025-03-22 08:22
host,b4352.betzy.sigma2.no,down,2025-03-29 00:03,2025-03-29 06:59
host,b4352.betzy.sigma2.no,down,2025-03-30 00:03,2025-03-30 10:57
host,b4352.betzy.sigma2.no,down,2025-04-08 09:20,2025-04-08 14:28
host,b4352.betzy.sigma2.no,down,2025-07-08 05:39,2025-07-10 13:18
host,b4352.betzy.sigma2.no,down,2025-08-14 06:49,2025-08-15 00:03
host,b4353.betzy.sigma2.no,down,2025-01-13 05:36,2025-01-15 08:10
host,b4353.betzy.sigma2.no,down,2025-03-22 00:09,2025-03-22 08:22
host,b4353.betzy.sigma2.no,down,2025-03-29 00:08,2025-03-29 06:33
host,b4353.betzy.sigma2.no,down,2025-03-30 00:05,2025-03-30 10:52
host,b4353.betzy.sigma2.no,down,2025-04-08 09:19,2025-04-08 14:27
host,b4353.betzy.sigma2.no,down,2025-07-08 05:43,2025-07-10 13:18
host,b4353.betzy.sigma2.no,down,2025-08-14 06:49,2025-08-15 00:00
host,b4354.betzy.sigma2.no,down,2025-01-13 05:39,2025-01-15 08:09
host,b4354.betzy.sigma2.no,down,2025-03-22 00:03,2025-03-22 08:22
host,b4354.betzy.sigma2.no,down,2025-03-29 00:06,2025-03-29 06:59
host,b4354.betzy.sigma2.no,down,2025-03-30 00:06,2025-03-30 10:50
host,b4354.betzy.sigma2.no,down,2025-04-08 09:17,2025-04-08 14:28
host,b4354.betzy.sigma2.no,down,2025-07-08 05:40,2025-07-10 13:18
host,b4354.betzy.sigma2.no,down,2025-08-14 06:49,2025-08-15 00:02
host,b4355.betzy.sigma2.no,down,2025-01-13 05:39,2025-01-15 08:11
host,b4355.betzy.sigma2.no,down,2025-03-22 00:05,2025-03-22 08:22
host,b4355.betzy.sigma2.no,down,2025-03-29 00:03,2025-03-29 06:56
host,b4355.betzy.sigma2.no,down,2025-03-30 00:03,2025-03-30 10:53
host,b4355.betzy.sigma2.no,down,2025-07-08 05:39,2025-07-10 14:33
host,b4355.betzy.sigma2.no,down,2025-08-14 06:48,2025-08-15 00:03
host,b4356.betzy.sigma2.no,down,2025-01-13 05:35,2025-01-15 08:09
host,b4356.betzy.sigma2.no,down,2025-03-22 00:05,2025-03-22 08:22
host,b4356.betzy.sigma2.no,down,2025-03-28 23:57,2025-03-29 07:08
host,b4356.betzy.sigma2.no,down,2025-03-30 00:03,2025-03-30 10:54
host,b4356.betzy.sigma2.no,down,2025-04-09 09:44,2025-04-09 23:52
host,b4356.betzy.sigma2.no,down,2025-07-08 05:43,2025-07-10 14:33
host,b4356.betzy.sigma2.no,down,2025-08-14 06:46,2025-08-15 00:04
host,b4357.betzy.sigma2.no,down,2025-01-13 05:39,2025-01-15 08:14
host,b4357.betzy.sigma2.no,down,2025-03-22 00:06,2025-03-22 08:20
host,b4357.betzy.sigma2.no,down,2025-03-29 00:05,2025-03-29 07:08
host,b4357.betzy.sigma2.no,down,2025-03-30 00:03,2025-03-30 10:54
host,b4357.betzy.sigma2.no,down,2025-07-08 05:44,2025-07-10 14:33
host,b4357.betzy.sigma2.no,down,2025-08-14 06:46,2025-08-15 00:04
host,b4358.betzy.sigma2.no,down,2025-01-13 05:39,2025-01-15 08:10
host,b4358.betzy.sigma2.no,down,2025-03-22 00:06,2025-03-22 08:20
host,b4358.betzy.sigma2.no,down,2025-03-29 00:05,2025-03-29 06:58
host,b4358.betzy.sigma2.no,down,2025-03-30 00:05,2025-03-30 10:52
host,b4358.betzy.sigma2.no,down,2025-07-08 05:26,2025-07-10 17:29
host,b4358.betzy.sigma2.no,down,2025-08-14 06:46,2025-08-15 00:01
host,b4359.betzy.sigma2.no,down,2025-01-13 05:37,2025-01-15 08:09
host,b4359.betzy.sigma2.no,down,2025-03-22 00:05,2025-03-22 08:23
host,b4359.betzy.sigma2.no,down,2025-03-29 00:03,2025-03-29 06:56
host,b4359.betzy.sigma2.no,down,2025-03-30 00:06,2025-03-30 10:52
host,b4359.betzy.sigma2.no,down,2025-06-17 00:12,2025-07-10 17:30
host,b4359.betzy.sigma2.no,down,2025-08-14 06:47,2025-08-15 00:05
host,b4360.betzy.sigma2.no,down,2025-01-13 05:39,2025-01-15 08:10
host,b4360.betzy.sigma2.no,down,2025-03-22 00:04,2025-03-22 08:22
host,b4360.betzy.sigma2.no,down,2025-03-29 00:08,2025-03-29 07:00
host,b4360.betzy.sigma2.no,down,2025-03-30 00:08,2025-03-30 10:51
host,b4360.betzy.sigma2.no,down,2025-07-08 05:25,2025-07-10 17:29
host,b4360.betzy.sigma2.no,down,2025-08-14 06:48,2025-08-15 00:01
host,b4361.betzy.sigma2.no,down,2025-01-13 05:39,2025-01-15 08:12
host,b4361.betzy.sigma2.no,down,2025-03-22 00:05,2025-03-22 08:22
host,b4361.betzy.sigma2.no,down,2025-03-29 00:05,2025-03-29 06:57
host,b4361.betzy.sigma2.no,down,2025-03-30 00:05,2025-03-30 10:52
host,b4361.betzy.sigma2.no,down,2025-07-08 05:40,2025-07-10 14:38
host,b4361.betzy.sigma2.no,down,2025-08-14 06:46,2025-08-15 00:04
host,b4362.betzy.sigma2.no,down,2025-01-13 05:35,2025-01-15 08:13
host,b4362.betzy.sigma2.no,down,2025-03-22 00:05,2025-03-22 08:22
host,b4362.betzy.sigma2.no,down,2025-03-29 00:04,2025-03-29 06:56
host,b4362.betzy.sigma2.no,down,2025-03-30 00:04,2025-03-30 10:53
host,b4362.betzy.sigma2.no,down,2025-07-08 05:39,2025-07-10 14:38
host,b4362.betzy.sigma2.no,down,2025-08-14 06:47,2025-08-15 00:05
host,b4363.betzy.sigma2.no,down,2025-01-13 05:38,2025-01-15 08:09
host,b4363.betzy.sigma2.no,down,2025-03-22 00:06,2025-03-22 08:19
host,b4363.betzy.sigma2.no,down,2025-03-29 00:05,2025-03-29 06:57
host,b4363.betzy.sigma2.no,down,2025-03-30 00:04,2025-03-30 10:52
host,b4363.betzy.sigma2.no,down,2025-07-08 05:40,2025-07-10 14:38
host,b4363.betzy.sigma2.no,down,2025-08-14 06:47,2025-08-15 00:02
host,b4364.betzy.sigma2.no,down,2025-01-01 00:00,2025-01-15 09:51
host,b4364.betzy.sigma2.no,down,2025-01-27 22:28,2025-02-20 07:32
host,b4364.betzy.sigma2.no,down,2025-03-22 00:08,2025-03-22 08:21
host,b4364.betzy.sigma2.no,down,2025-03-29 00:02,2025-03-29 07:05
host,b4364.betzy.sigma2.no,down,2025-03-30 00:02,2025-03-30 11:10
host,b4364.betzy.sigma2.no,down,2025-07-08 05:26,2025-07-10 10:36
host,b4364.betzy.sigma2.no,down,2025-08-14 06:46,2025-08-15 00:04
host,b4365.betzy.sigma2.no,down,2025-01-13 05:35,2025-01-15 09:51
host,b4365.betzy.sigma2.no,down,2025-02-19 06:40,2025-02-20 07:32
host,b4365.betzy.sigma2.no,down,2025-03-22 00:11,2025-03-22 08:24
host,b4365.betzy.sigma2.no,down,2025-03-29 00:05,2025-03-29 07:03
host,b4365.betzy.sigma2.no,down,2025-03-30 00:05,2025-03-30 11:10
host,b4365.betzy.sigma2.no,down,2025-05-28 02:59,2025-07-10 09:16
host,b4365.betzy.sigma2.no,down,2025-08-14 06:48,2025-08-15 00:00
host,b4366.betzy.sigma2.no,down,2025-01-13 05:40,2025-01-15 09:51
host,b4366.betzy.sigma2.no,down,2025-02-19 06:40,2025-02-20 07:32
host,b4366.betzy.sigma2.no,down,2025-03-22 00:05,2025-03-22 08:19
host,b4366.betzy.sigma2.no,down,2025-03-29 00:05,2025-03-29 07:09
host,b4366.betzy.sigma2.no,down,2025-03-30 00:03,2025-03-30 10:53
host,b4366.betzy.sigma2.no,down,2025-04-09 09:44,2025-04-09 23:52
host,b4366.betzy.sigma2.no,down,2025-07-08 05:25,2025-07-10 10:36
host,b4366.betzy.sigma2.no,down,2025-08-14 06:46,2025-08-15 00:04
host,b4367.betzy.sigma2.no,down,2025-01-13 05:38,2025-01-15 08:12
host,b4367.betzy.sigma2.no,down,2025-03-22 00:01,2025-03-22 08:19
host,b4367.betzy.sigma2.no,down,2025-03-29 00:04,2025-03-29 07:02
host,b4367.betzy.sigma2.no,down,2025-03-30 00:02,2025-03-30 11:10
host,b4367.betzy.sigma2.no,down,2025-07-08 05:40,2025-07-10 14:56
host,b4367.betzy.sigma2.no,down,2025-08-14 06:49,2025-08-15 00:05
host,b4368.betzy.sigma2.no,down,2025-01-13 05:37,2025-01-15 08:12
host,b4368.betzy.sigma2.no,down,2025-03-22 00:00,2025-03-22 08:20
host,b4368.betzy.sigma2.no,down,2025-03-29 00:08,2025-03-29 07:00
host,b4368.betzy.sigma2.no,down,2025-03-30 00:02,2025-03-30 11:11
host,b4368.betzy.sigma2.no,down,2025-07-08 05:39,2025-07-10 14:56
host,b4368.betzy.sigma2.no,down,2025-08-14 06:46,2025-08-15 00:03
host,b4369.betzy.sigma2.no,down,2025-01-13 05:37,2025-01-15 08:14
host,b4369.betzy.sigma2.no,down,2025-03-22 00:11,2025-03-22 08:24
host,b4369.betzy.sigma2.no,down,2025-03-29 00:04,2025-03-29 07:02
host,b4369.betzy.sigma2.no,down,2025-03-30 00:04,2025-03-30 11:10
host,b4369.betzy.sigma2.no,down,2025-07-08 05:39,2025-07-10 14:56
host,b4369.betzy.sigma2.no,down,2025-08-14 06:47,2025-08-15 00:03
host,b4370.betzy.sigma2.no,down,2025-01-13 05:39,2025-01-15 08:14
host,b4370.betzy.sigma2.no,down,2025-03-22 00:01,2025-03-22 08:20
host,b4370.betzy.sigma2.no,down,2025-03-29 00:02,2025-03-29 07:01
host,b4370.betzy.sigma2.no,down,2025-03-30 00:05,2025-03-30 11:08
host,b4370.betzy.sigma2.no,down,2025-07-08 05:43,2025-07-10 15:06
host,b4370.betzy.sigma2.no,down,2025-08-14 06:49,2025-08-15 00:05
host,b4371.betzy.sigma2.no,down,2025-01-13 05:38,2025-01-15 08:09
host,b4371.betzy.sigma2.no,down,2025-03-22 00:00,2025-03-22 08:19
host,b4371.betzy.sigma2.no,down,2025-03-29 00:02,2025-03-29 06:33
host,b4371.betzy.sigma2.no,down,2025-03-30 00:02,2025-03-30 10:53
host,b4371.betzy.sigma2.no,down,2025-07-08 05:40,2025-07-10 15:06
host,b4371.betzy.sigma2.no,down,2025-08-14 06:46,2025-08-15 00:05
host,b4372.betzy.sigma2.no,down,2025-01-13 05:36,2025-01-15 08:09
host,b4372.betzy.sigma2.no,down,2025-03-22 00:01,2025-03-22 08:19
host,b4372.betzy.sigma2.no,down,2025-03-29 00:05,2025-03-29 06:58
host,b4372.betzy.sigma2.no,down,2025-03-30 00:04,2025-03-30 10:53
host,b4372.betzy.sigma2.no,down,2025-07-08 05:40,2025-07-10 15:06
host,b4372.betzy.sigma2.no,down,2025-08-14 06:47,2025-08-15 00:00
host,b4373.betzy.sigma2.no,down,2025-01-13 05:36,2025-01-15 08:13
host,b4373.betzy.sigma2.no,down,2025-03-22 00:01,2025-03-22 08:20
host,b4373.betzy.sigma2.no,down,2025-03-29 00:04,2025-03-29 06:56
host,b4373.betzy.sigma2.no,down,2025-03-30 00:04,2025-03-30 10:52
host,b4373.betzy.sigma2.no,down,2025-07-08 05:40,2025-07-10 17:30
host,b4373.betzy.sigma2.no,down,2025-08-14 06:48,2025-08-15 00:03
host,b4374.betzy.sigma2.no,down,2025-01-13 05:41,2025-01-15 08:11
host,b4374.betzy.sigma2.no,down,2025-03-22 00:11,2025-03-22 08:25
host,b4374.betzy.sigma2.no,down,2025-03-29 00:06,2025-03-29 06:58
host,b4374.betzy.sigma2.no,down,2025-03-30 00:04,2025-03-30 10:53
host,b4374.betzy.sigma2.no,down,2025-07-08 05:43,2025-07-10 17:29
host,b4374.betzy.sigma2.no,down,2025-08-14 06:46,2025-08-15 00:04
host,b4375.betzy.sigma2.no,down,2025-01-13 05:39,2025-01-15 08:09
host,b4375.betzy.sigma2.no,down,2025-03-21 23:59,2025-03-22 08:19
host,b4375.betzy.sigma2.no,down,2025-03-29 00:05,2025-03-29 06:57
host,b4375.betzy.sigma2.no,down,2025-03-30 00:04,2025-03-30 10:53
host,b4375.betzy.sigma2.no,down,2025-07-08 05:41,2025-07-10 17:30
host,b4375.betzy.sigma2.no,down,2025-08-14 06:51,2025-08-15 00:05
host,b4376.betzy.sigma2.no,down,2025-01-13 05:39,2025-01-15 08:13
host,b4376.betzy.sigma2.no,down,2025-03-22 00:04,2025-03-22 08:23
host,b4376.betzy.sigma2.no,down,2025-03-29 00:04,2025-03-29 06:56
host,b4376.betzy.sigma2.no,down,2025-03-30 00:06,2025-03-30 10:50
host,b4376.betzy.sigma2.no,down,2025-04-09 09:44,2025-04-09 23:52
host,b4376.betzy.sigma2.no,down,2025-07-08 05:40,2025-07-10 17:29
host,b4376.betzy.sigma2.no,down,2025-08-14 06:46,2025-08-15 00:04
host,b4377.betzy.sigma2.no,down,2025-01-13 05:40,2025-01-15 08:09
host,b4377.betzy.sigma2.no,down,2025-03-22 00:06,2025-03-22 08:20
host,b4377.betzy.sigma2.no,down,2025-03-29 00:04,2025-03-29 06:57
host,b4377.betzy.sigma2.no,down,2025-03-30 00:04,2025-03-30 10:52
host,b4377.betzy.sigma2.no,down,2025-07-08 05:40,2025-07-10 17:30
host,b4377.betzy.sigma2.no,down,2025-08-14 06:51,2025-08-15 00:03
host,b4378.betzy.sigma2.no,down,2025-01-13 05:36,2025-01-15 08:14
host,b4378.betzy.sigma2.no,down,2025-03-22 00:05,2025-03-22 08:22
host,b4378.betzy.sigma2.no,down,2025-03-29 00:05,2025-03-29 06:57
host,b4378.betzy.sigma2.no,down,2025-03-30 00:04,2025-03-30 10:52
host,b4378.betzy.sigma2.no,down,2025-07-08 05:41,2025-07-10 17:29
host,b4378.betzy.sigma2.no,down,2025-08-14 06:46,2025-08-15 00:04
host,b4379.betzy.sigma2.no,down,2025-01-13 05:39,2025-01-15 08:09
host,b4379.betzy.sigma2.no,down,2025-03-22 00:09,2025-03-22 08:23
host,b4379.betzy.sigma2.no,down,2025-03-29 00:04,2025-03-29 06:56
host,b4379.betzy.sigma2.no,down,2025-03-30 00:03,2025-03-30 10:53
host,b4379.betzy.sigma2.no,down,2025-07-08 05:40,2025-07-10 17:29
host,b4379.betzy.sigma2.no,down,2025-08-14 06:46,2025-08-15 00:04
host,b4380.betzy.sigma2.no,down,2025-01-13 05:39,2025-01-15 08:10
host,b4380.betzy.sigma2.no,down,2025-03-22 00:08,2025-03-22 08:21
host,b4380.betzy.sigma2.no,down,2025-03-29 00:05,2025-03-29 06:57
host,b4380.betzy.sigma2.no,down,2025-03-30 00:05,2025-03-30 10:52
host,b4380.betzy.sigma2.no,down,2025-07-08 05:40,2025-07-10 17:29
host,b4380.betzy.sigma2.no,down,2025-08-14 06:49,2025-08-15 00:04
host,b4381.betzy.sigma2.no,down,2025-01-13 05:37,2025-01-15 08:09
host,b4381.betzy.sigma2.no,down,2025-03-22 00:10,2025-03-22 08:23
host,b4381.betzy.sigma2.no,down,2025-03-29 00:04,2025-03-29 06:57
host,b4381.betzy.sigma2.no,down,2025-03-30 00:06,2025-03-30 10:50
host,b4381.betzy.sigma2.no,down,2025-07-08 05:42,2025-07-10 17:30
host,b4381.betzy.sigma2.no,down,2025-08-14 06:47,2025-08-15 00:02
host,b4382.betzy.sigma2.no,down,2025-01-13 05:38,2025-01-15 08:14
host,b4382.betzy.sigma2.no,down,2025-03-22 00:08,2025-03-22 08:21
host,b4382.betzy.sigma2.no,down,2025-03-29 00:05,2025-03-29 06:57
host,b4382.betzy.sigma2.no,down,2025-03-30 00:02,2025-03-30 10:53
host,b4382.betzy.sigma2.no,down,2025-07-08 05:40,2025-07-10 17:30
host,b4382.betzy.sigma2.no,down,2025-08-14 06:51,2025-08-15 00:05
host,b4383.betzy.sigma2.no,down,2025-01-13 05:35,2025-01-15 08:09
host,b4383.betzy.sigma2.no,down,2025-03-22 00:10,2025-03-22 08:24
host,b4383.betzy.sigma2.no,down,2025-03-29 00:04,2025-03-29 06:57
host,b4383.betzy.sigma2.no,down,2025-03-30 00:06,2025-03-30 10:51
host,b4383.betzy.sigma2.no,down,2025-07-08 05:40,2025-07-10 17:30
host,b4383.betzy.sigma2.no,down,2025-08-14 06:47,2025-08-15 00:00
host,b4384.betzy.sigma2.no,down,2025-01-13 05:39,2025-01-15 08:14
host,b4384.betzy.sigma2.no,down,2025-03-22 00:01,2025-03-22 08:20
host,b4384.betzy.sigma2.no,down,2025-03-29 00:03,2025-03-29 06:56
host,b4384.betzy.sigma2.no,down,2025-03-30 00:04,2025-03-30 10:53
host,b4384.betzy.sigma2.no,down,2025-07-08 05:40,2025-07-10 17:29
host,b4384.betzy.sigma2.no,down,2025-08-14 06:50,2025-08-15 00:02
host,b4385.betzy.sigma2.no,down,2025-01-13 05:39,2025-01-15 08:09
host,b4385.betzy.sigma2.no,down,2025-03-22 00:01,2025-03-22 08:19
host,b4385.betzy.sigma2.no,down,2025-03-29 00:06,2025-03-29 06:58
host,b4385.betzy.sigma2.no,down,2025-03-30 00:06,2025-03-30 10:52
host,b4385.betzy.sigma2.no,down,2025-07-08 05:40,2025-07-10 17:29
host,b4385.betzy.sigma2.no,down,2025-08-14 06:46,2025-08-15 00:04
host,b4386.betzy.sigma2.no,down,2025-01-13 05:39,2025-01-15 08:14
host,b4386.betzy.sigma2.no,down,2025-03-22 00:01,2025-03-22 08:20
host,b4386.betzy.sigma2.no,down,2025-03-29 00:04,2025-03-29 06:56
host,b4386.betzy.sigma2.no,down,2025-03-30 00:04,2025-03-30 10:53
host,b4386.betzy.sigma2.no,down,2025-04-09 09:40,2025-04-09 23:52
host,b4386.betzy.sigma2.no,down,2025-07-08 05:40,2025-07-10 17:29
host,b4386.betzy.sigma2.no,down,2025-08-14 06:50,2025-08-15 00:04
host,b4387.betzy.sigma2.no,down,2025-01-13 05:39,2025-01-15 08:13
host,b4387.betzy.sigma2.no,down,2025-03-22 00:00,2025-03-22 08:20
host,b4387.betzy.sigma2.no,down,2025-03-29 00:05,2025-03-29 06:56
host,b4387.betzy.sigma2.no,down,2025-03-30 00:06,2025-03-30 10:50
host,b4387.betzy.sigma2.no,down,2025-07-08 05:43,2025-07-10 17:29
host,b4387.betzy.sigma2.no,down,2025-08-14 06:48,2025-08-15 00:03
host,b4388.betzy.sigma2.no,down,2025-01-13 05:36,2025-01-15 08:09
host,b4388.betzy.sigma2.no,down,2025-03-22 00:11,2025-03-22 08:24
host,b4388.betzy.sigma2.no,down,2025-03-29 00:05,2025-03-29 06:58
host,b4388.betzy.sigma2.no,down,2025-03-30 00:04,2025-03-30 10:53
host,b4388.betzy.sigma2.no,down,2025-07-08 05:40,2025-07-10 17:29
host,b4388.betzy.sigma2.no,down,2025-08-14 06:46,2025-08-15 00:04
host,b4390.betzy.sigma2.no,down,2025-01-13 05:39,2025-01-15 08:14
host,b4390.betzy.sigma2.no,down,2025-03-22 00:00,2025-03-22 08:19
host,b4390.betzy.sigma2.no,down,2025-03-29 00:08,2025-03-29 06:33
host,b4390.betzy.sigma2.no,down,2025-03-30 00:06,2025-03-30 10:52
host,b4390.betzy.sigma2.no,down,2025-07-08 05:40,2025-07-10 17:30
host,b4390.betzy.sigma2.no,down,2025-08-14 06:51,2025-08-15 00:03
host,b4391.betzy.sigma2.no,down,2025-01-13 05:40,2025-01-15 08:10
host,b4391.betzy.sigma2.no,down,2025-03-22 00:00,2025-03-22 08:19
host,b4391.betzy.sigma2.no,down,2025-03-29 00:03,2025-03-29 06:56
host,b4391.betzy.sigma2.no,down,2025-03-30 00:06,2025-03-30 10:51
host,b4391.betzy.sigma2.no,down,2025-07-08 05:40,2025-07-10 17:29
host,b4391.betzy.sigma2.no,down,2025-08-14 06:50,2025-08-15 00:02
host,b4392.betzy.sigma2.no,down,2025-01-13 05:39,2025-07-10 17:29
host,b4392.betzy.sigma2.no,down,2025-08-14 06:47,2025-08-15 00:05
host,b4393.betzy.sigma2.no,down,2025-01-01 00:00,2025-07-10 17:29
host,b4393.betzy.sigma2.no,down,2025-08-14 06:46,2025-08-15 00:04
host,b4394.betzy.sigma2.no,down,2025-01-13 05:38,2025-01-15 08:10
host,b4394.betzy.sigma2.no,down,2025-03-22 00:00,2025-03-22 08:19
host,b4394.betzy.sigma2.no,down,2025-03-29 00:04,2025-03-29 06:56
host,b4394.betzy.sigma2.no,down,2025-03-30 00:04,2025-03-30 10:53
host,b4394.betzy.sigma2.no,down,2025-07-08 05:40,2025-07-10 17:29
host,b4394.betzy.sigma2.no,down,2025-08-14 06:49,2025-08-15 00:04
host,b4395.betzy.sigma2.no,down,2025-01-13 05:38,2025-01-15 08:13
host,b4395.betzy.sigma2.no,down,2025-03-22 00:06,2025-03-22 08:19
host,b4395.betzy.sigma2.no,down,2025-03-29 00:05,2025-03-29 06:56
host,b4395.betzy.sigma2.no,down,2025-03-30 00:05,2025-03-30 10:52
host,b4395.betzy.sigma2.no,down,2025-07-08 05:40,2025-07-10 17:29
host,b4395.betzy.sigma2.no,down,2025-08-14 06:50,2025-08-15 00:04
host,b4396.betzy.sigma2.no,down,2025-01-13 05:39,2025-01-15 08:12
host,b4396.betzy.sigma2.no,down,2025-03-22 00:03,2025-03-22 08:22
host,b4396.betzy.sigma2.no,down,2025-03-29 00:04,2025-03-29 06:56
host,b4396.betzy.sigma2.no,down,2025-03-30 00:04,2025-03-30 10:52
host,b4396.betzy.sigma2.no,down,2025-04-09 09:42,2025-04-09 23:52
host,b4396.betzy.sigma2.no,down,2025-07-08 05:43,2025-07-10 17:29
host,b4396.betzy.sigma2.no,down,2025-08-14 06:49,2025-08-15 00:04
